0.000000000000000000e+00,-1.696475386619567871e+00,-1.696475386619567871e+00,1.157219186425209045e-01,1.157219186425209045e-01,9.458973407745361328e-01,9.458973407745361328e-01,0.000000000000000000e+00,0.000000000000000000e+00,0.000000000000000000e+00,0.000000000000000000e+00,0.000000000000000000e+00,0.000000000000000000e+00,1.000000000000000056e-01,0.000000000000000000e+00,0.000000000000000000e+00,-2.247269238696286003e-02,4.114137327856480161e-03,-2.547788495642985818e-02,4.756886352961856718e-02,0.000000000000000000e+00,0.000000000000000000e+00,0.000000000000000000e+00,0.000000000000000000e+00,0.000000000000000000e+00,0.000000000000000000e+00
5.000000000000000278e-02,-1.696475386619567871e+00,-1.696475386619567871e+00,1.157219186425209045e-01,1.157219186425209045e-01,9.458973407745361328e-01,9.458973407745361328e-01,0.000000000000000000e+00,0.000000000000000000e+00,0.000000000000000000e+00,0.000000000000000000e+00,0.000000000000000000e+00,0.000000000000000000e+00,1.000000000000000056e-01,0.000000000000000000e+00,0.000000000000000000e+00,-2.247269238696286003e-02,4.114137327856480161e-03,-2.547788495642985818e-02,4.756886352961856718e-02,0.000000000000000000e+00,0.000000000000000000e+00,0.000000000000000000e+00,0.000000000000000000e+00,0.000000000000000000e+00,0.000000000000000000e+00
1.000000000000000056e-01,-1.697253227233886719e+00,-1.696475386619567871e+00,1.155482158064842224e-01,1.157219186425209045e-01,9.451425075531005859e-01,9.458973407745361328e-01,-1.555681228637695312e-02,0.000000000000000000e+00,-3.474056720733642578e-03,0.000000000000000000e+00,-1.509666442871093750e-02,0.000000000000000000e+00,1.000000000000000056e-01,0.000000000000000000e+00,9.300312531542391514e-03,-2.251219881606308232e-02,4.719627667691952619e-03,-2.401117173125334042e-02,4.753540835731693420e-02,-7.656014356762246530e-03,-1.709696539401867922e-03,-7.429560598776788552e-03,-3.292876133416506278e-04,0.000000000000000000e+00,0.000000000000000000e+00
1.500000000000000222e-01,-1.697715640068054199e+00,-1.696475386619567871e+00,1.154050678014755249e-01,1.157219186425209045e-01,9.443370699882507324e-01,9.458973407745361328e-01,-9.248256683349609375e-03,0.000000000000000000e+00,-2.862960100173950195e-03,0.000000000000000000e+00,-1.610875129699707031e-02,0.000000000000000000e+00,1.000000000000000056e-01,0.000000000000000000e+00,1.423147240277638018e-02,-2.229425635767234154e-02,3.558667743755513941e-03,-2.104107328943278024e-02,4.789781172863991771e-02,-9.003911281742832048e-03,-2.258456196670736386e-03,-1.095334812123649817e-02,1.987455970790431500e-03,0.000000000000000000e+00,0.000000000000000000e+00
2.000000000000000111e-01,-1.698389530181884766e+00,-1.696475386619567871e+00,1.148221120238304138e-01,1.157219186425209045e-01,9.428380131721496582e-01,9.458973407745361328e-01,-1.347780227661132812e-02,0.000000000000000000e+00,-1.165911555290222168e-02,0.000000000000000000e+00,-2.998113632202148438e-02,0.000000000000000000e+00,1.000000000000000056e-01,0.000000000000000000e+00,2.170753370973780086e-02,-2.232809526901717925e-02,1.081244977669025380e-02,-3.006465332296633097e-02,4.775035753580295084e-02,-1.030489020922868704e-02,-4.500272403754633499e-03,-1.601073128540411034e-02,1.371286734563541060e-03,0.000000000000000000e+00,0.000000000000000000e+00
2.500000000000000000e-01,-1.698056936264038086e+00,-1.696475386619567871e+00,1.144059598445892334e-01,1.157219186425209045e-01,9.412173628807067871e-01,9.458973407745361328e-01,6.651878356933593750e-03,0.000000000000000000e+00,-8.323043584823608398e-03,0.000000000000000000e+00,-3.241300582885742188e-02,0.000000000000000000e+00,1.000000000000000056e-01,0.000000000000000000e+00,2.884279953296296772e-02,-2.234816860280460643e-02,1.644454380025255763e-02,-3.194082437701359356e-02,4.811517170216015465e-02,-7.565339586668978072e-03,-5.913495723741961710e-03,-2.064283803445306903e-02,2.277823330295363977e-03,0.000000000000000000e+00,0.000000000000000000e+00
3.000000000000000444e-01,-1.697666525840759277e+00,-1.696475386619567871e+00,1.142766177654266357e-01,1.157219186425209045e-01,9.409977793693542480e-01,9.458973407745361328e-01,7.808208465576171875e-03,0.000000000000000000e+00,-2.586841583251953125e-03,0.000000000000000000e+00,-4.391670227050781250e-03,0.000000000000000000e+00,1.000000000000000056e-01,0.000000000000000000e+00,2.808962916354392284e-02,-2.232566936843447328e-02,1.122221263851578762e-02,-1.863090954227502455e-02,4.840514769597161621e-02,-3.902819238548956276e-03,-5.915624749533022857e-03,-1.975334833409138693e-02,3.227326254840300317e-03,0.000000000000000000e+00,0.000000000000000000e+00
3.500000000000000333e-01,-1.696415305137634277e+00,-1.696475386619567871e+00,1.141757294535636902e-01,1.157219186425209045e-01,9.406132102012634277e-01,9.458973407745361328e-01,2.502441406250000000e-02,0.000000000000000000e+00,-2.017766237258911133e-03,0.000000000000000000e+00,-7.691383361816406250e-03,0.000000000000000000e+00,1.000000000000000056e-01,0.000000000000000000e+00,2.588102550382333569e-02,-2.238809763829358382e-02,4.109518123869615458e-03,6.759969275565777883e-03,4.770062443190904028e-02,2.408592559134789448e-03,-5.290010083789919819e-03,-1.741090570577637567e-02,8.741982747697278795e-04,0.000000000000000000e+00,0.000000000000000000e+00
4.000000000000000222e-01,-1.695741891860961914e+00,-1.696475386619567871e+00,1.131896004080772400e-01,1.157219186425209045e-01,9.389986395835876465e-01,9.458973407745361328e-01,1.346826553344726562e-02,0.000000000000000000e+00,-1.972258090972900391e-02,0.000000000000000000e+00,-3.229141235351562500e-02,0.000000000000000000e+00,1.000000000000000056e-01,0.000000000000000000e+00,2.914725605558550134e-02,-2.253561329243508951e-02,2.047909355695084165e-03,4.917112609497077333e-03,4.880946076455732613e-02,7.230939225125052744e-03,-7.278404784007878187e-03,-1.863649573426019723e-02,3.114590599353934952e-03,0.000000000000000000e+00,0.000000000000000000e+00
4.500000000000000111e-01,-1.693562626838684082e+00,-1.696475386619567871e+00,1.132415533065795898e-01,1.157219186425209045e-01,9.375442266464233398e-01,9.458973407745361328e-01,4.358530044555664062e-02,0.000000000000000000e+00,1.039057970046997070e-03,0.000000000000000000e+00,-2.908825874328613281e-02,0.000000000000000000e+00,1.000000000000000056e-01,0.000000000000000000e+00,3.341232947528151309e-02,-2.235610668298407613e-02,-5.019219853463481422e-03,1.412862351857452868e-02,5.003765108018266156e-02,1.540916676849565965e-02,-6.952311394614197303e-03,-2.090734491002612175e-02,7.637538543648558602e-03,0.000000000000000000e+00,0.000000000000000000e+00
5.000000000000000000e-01,-1.691164493560791016e+00,-1.696475386619567871e+00,1.125427186489105225e-01,1.157219186425209045e-01,9.359731674194335938e-01,9.458973407745361328e-01,4.796266555786132812e-02,0.000000000000000000e+00,-1.397669315338134766e-02,0.000000000000000000e+00,-3.142118453979492188e-02,0.000000000000000000e+00,1.000000000000000056e-01,0.000000000000000000e+00,3.843000450415792746e-02,-2.200764950160720781e-02,-3.281426060398982738e-03,7.316465830247803961e-03,5.279922367966399799e-02,2.470366325082635345e-02,-7.903915903509719371e-03,-2.372244015318269311e-02,1.747894323282008638e-02,0.000000000000000000e+00,0.000000000000000000e+00
5.500000000000000444e-01,-1.685798645019531250e+00,-1.696475386619567871e+00,1.125340461730957031e-01,1.157219186425209045e-01,9.352601170539855957e-01,9.458973407745361328e-01,1.073169708251953125e-01,0.000000000000000000e+00,-1.734495162963867188e-04,0.000000000000000000e+00,-1.426100730895996094e-02,0.000000000000000000e+00,1.000000000000000056e-01,0.000000000000000000e+00,3.916428513607724676e-02,-2.237093822863397627e-02,7.255339476654821054e-04,2.605712070583282754e-03,4.095695611385814783e-02,4.253024330743965242e-02,-7.155122078447885212e-03,-2.363902296878973505e-02,-1.799021318424155746e-02,0.000000000000000000e+00,0.000000000000000000e+00
6.000000000000000888e-01,-1.680518865585327148e+00,-1.696475386619567871e+00,1.122538745403289795e-01,1.157219186425209045e-01,9.348536729812622070e-01,9.458973407745361328e-01,1.055955886840820312e-01,0.000000000000000000e+00,-5.603432655334472656e-03,0.000000000000000000e+00,-8.128881454467773438e-03,0.000000000000000000e+00,1.000000000000000056e-01,0.000000000000000000e+00,3.679313315865738454e-02,-2.526050192112987841e-02,4.589257170945686658e-03,7.038854210172923974e-03,3.505828717096221014e-02,6.155170308643172217e-02,-6.530617109171933492e-03,-2.113077305085131474e-02,-5.178275543546197873e-02,0.000000000000000000e+00,0.000000000000000000e+00
6.500000000000000222e-01,-1.676545143127441406e+00,-1.696475386619567871e+00,1.120002642273902893e-01,1.157219186425209045e-01,9.321801662445068359e-01,9.458973407745361328e-01,7.947444915771484375e-02,0.000000000000000000e+00,-5.072206258773803711e-03,0.000000000000000000e+00,-5.347013473510742188e-02,0.000000000000000000e+00,1.000000000000000056e-01,0.000000000000000000e+00,4.429453164121709835e-02,-2.666375964815114602e-02,1.292060596283809565e-02,-1.155722333758585525e-02,3.630749042034537438e-02,7.399418532720278274e-02,-5.983820700450079820e-03,-2.500632248438529326e-02,-5.662343229810511136e-02,0.000000000000000000e+00,0.000000000000000000e+00
7.000000000000000666e-01,-1.670833706855773926e+00,-1.696475386619567871e+00,1.121019721031188965e-01,1.157219186425209045e-01,9.311531186103820801e-01,9.458973407745361328e-01,1.142287254333496094e-01,0.000000000000000000e+00,2.034157514572143555e-03,0.000000000000000000e+00,-2.054095268249511719e-02,0.000000000000000000e+00,1.000000000000000056e-01,0.000000000000000000e+00,4.689996260213172286e-02,-2.556399877060924752e-02,5.006335171584243120e-03,6.853783735194426616e-03,3.628217584938409762e-02,8.666342295430852494e-02,-4.433903011378788860e-03,-2.625143964593333948e-02,-5.014738643796762263e-02,0.000000000000000000e+00,0.000000000000000000e+00
7.500000000000000000e-01,-1.665045976638793945e+00,-1.696475386619567871e+00,1.112414598464965820e-01,1.157219186425209045e-01,9.266217947006225586e-01,9.458973407745361328e-01,1.157546043395996094e-01,0.000000000000000000e+00,-1.721024513244628906e-02,0.000000000000000000e+00,-9.062647819519042969e-02,0.000000000000000000e+00,1.000000000000000056e-01,0.000000000000000000e+00,6.447443103562483513e-02,-2.388343161750932503e-02,1.550203431322613908e-02,-3.193183875190332144e-02,3.291469357332996171e-02,9.767659196479192008e-02,-5.681880262560449341e-03,-3.710726629551212158e-02,-4.961345388791499333e-02,0.000000000000000000e+00,0.000000000000000000e+00
8.000000000000000444e-01,-1.657062888145446777e+00,-1.696475386619567871e+00,1.119565665721893311e-01,1.157219186425209045e-01,9.272128343582153320e-01,9.458973407745361328e-01,1.596617698669433594e-01,0.000000000000000000e+00,1.430213451385498047e-02,0.000000000000000000e+00,1.182079315185546875e-02,0.000000000000000000e+00,1.000000000000000056e-01,0.000000000000000000e+00,6.118533156592290134e-02,-2.256168493079264287e-02,1.932990317240640106e-03,1.363479869135452967e-03,3.214084403083539848e-02,1.130805233473355792e-01,-3.136900529162930679e-03,-3.481206120122459086e-02,-4.392110711792764077e-02,0.000000000000000000e+00,0.000000000000000000e+00
8.500000000000000888e-01,-1.648810744285583496e+00,-1.696475386619567871e+00,1.123657152056694031e-01,1.157219186425209045e-01,9.264472723007202148e-01,9.458973407745361328e-01,1.650428771972656250e-01,0.000000000000000000e+00,8.182972669601440430e-03,0.000000000000000000e+00,-1.531124114990234375e-02,0.000000000000000000e+00,1.000000000000000056e-01,0.000000000000000000e+00,5.725014675552676097e-02,-2.061531246501913800e-02,-3.664742395373348990e-03,2.280763714908306400e-02,3.690716713675540328e-02,1.291083889140875463e-01,-5.439359020184596563e-05,-3.055601915656372056e-02,-1.892841930295602673e-02,0.000000000000000000e+00,0.000000000000000000e+00
9.000000000000000222e-01,-1.641237735748291016e+00,-1.696475386619567871e+00,1.124019473791122437e-01,1.157219186425209045e-01,9.254717826843261719e-01,9.458973407745361328e-01,1.514601707458496094e-01,0.000000000000000000e+00,7.246434688568115234e-04,0.000000000000000000e+00,-1.950979232788085938e-02,0.000000000000000000e+00,1.000000000000000056e-01,0.000000000000000000e+00,5.395964239669311102e-02,-1.849077309931241447e-02,6.306921422305245516e-03,2.300079868781518960e-03,2.875537010082834452e-02,1.407478514883546417e-01,1.625013022427713354e-03,-2.665338661226866745e-02,-2.920725744266017276e-02,0.000000000000000000e+00,0.000000000000000000e+00
9.500000000000000666e-01,-1.632779836654663086e+00,-1.696475386619567871e+00,1.119449958205223083e-01,1.157219186425209045e-01,9.241837859153747559e-01,9.458973407745361328e-01,1.691579818725585938e-01,0.000000000000000000e+00,-9.139031171798706055e-03,0.000000000000000000e+00,-2.575993537902832031e-02,0.000000000000000000e+00,1.000000000000000056e-01,0.000000000000000000e+00,5.306297310852982341e-02,-1.868237777001236985e-02,3.409964113457522161e-03,8.891681872824385921e-03,2.712937647272602171e-02,1.511351547625193470e-01,7.626800873499119809e-04,-2.454185948338373155e-02,-3.492105099459837103e-02,0.000000000000000000e+00,0.000000000000000000e+00
1.000000000000000000e+00,-1.624769687652587891e+00,-1.696475386619567871e+00,1.112987250089645386e-01,1.157219186425209045e-01,9.227568507194519043e-01,9.458973407745361328e-01,1.602029800415039062e-01,0.000000000000000000e+00,-1.292541623115539551e-02,0.000000000000000000e+00,-2.853870391845703125e-02,0.000000000000000000e+00,1.000000000000000056e-01,0.000000000000000000e+00,5.423330327150241437e-02,-1.823055034337224198e-02,6.676721662973332527e-03,-7.098008868764255248e-03,2.720132432489730245e-02,1.578179610923294562e-01,-1.846932179598608035e-03,-2.411110955916503235e-02,-3.202881838043574597e-02,0.000000000000000000e+00,0.000000000000000000e+00
1.050000000000000044e+00,-1.614789247512817383e+00,-1.696475386619567871e+00,1.116127595305442810e-01,1.157219186425209045e-01,9.221017956733703613e-01,9.458973407745361328e-01,1.996088027954101562e-01,0.000000000000000000e+00,6.280690431594848633e-03,0.000000000000000000e+00,-1.310110092163085938e-02,0.000000000000000000e+00,1.000000000000000056e-01,0.000000000000000000e+00,5.276546087246189454e-02,-1.709404623284094954e-02,1.625214795815288493e-03,9.677992877396358537e-03,2.780042461170588106e-02,1.678293247418668754e-01,-1.872870559585403409e-03,-2.214473475023154281e-02,-2.357786101909033205e-02,0.000000000000000000e+00,0.000000000000000000e+00
1.100000000000000089e+00,-1.604189872741699219e+00,-1.696475386619567871e+00,1.115927994251251221e-01,1.157219186425209045e-01,9.210249781608581543e-01,9.458973407745361328e-01,2.119874954223632812e-01,0.000000000000000000e+00,-3.992021083831787109e-04,0.000000000000000000e+00,-2.153635025024414062e-02,0.000000000000000000e+00,1.000000000000000056e-01,0.000000000000000000e+00,5.278249893253057767e-02,-1.586833034925803562e-02,-1.419962053956659543e-03,1.172877114629626225e-02,2.584352855678583374e-02,1.798966268765311571e-01,-1.651863745434956976e-03,-2.105568475410029075e-02,-2.178453594662268025e-02,0.000000000000000000e+00,0.000000000000000000e+00
1.150000000000000133e+00,-1.594578385353088379e+00,-1.696475386619567871e+00,1.113951057195663452e-01,1.157219186425209045e-01,9.202408194541931152e-01,9.458973407745361328e-01,1.922297477722167969e-01,0.000000000000000000e+00,-3.953874111175537109e-03,0.000000000000000000e+00,-1.568317413330078125e-02,0.000000000000000000e+00,1.000000000000000056e-01,0.000000000000000000e+00,5.210334219900415731e-02,-1.486325889105881599e-02,2.941397672408923355e-03,-6.087599816857682151e-04,3.028135346589332436e-02,1.879460090526074989e-01,-1.906006848017246288e-03,-1.965261183906525169e-02,-3.319627975278509335e-03,0.000000000000000000e+00,0.000000000000000000e+00
1.200000000000000178e+00,-1.581813454627990723e+00,-1.696475386619567871e+00,1.116960346698760986e-01,1.157219186425209045e-01,9.205144047737121582e-01,9.458973407745361328e-01,2.552986145019531250e-01,0.000000000000000000e+00,6.018579006195068359e-03,0.000000000000000000e+00,5.471706390380859375e-03,0.000000000000000000e+00,1.000000000000000056e-01,0.000000000000000000e+00,4.645784247865215877e-02,-1.342111960631994262e-02,-2.802527278512384132e-03,1.548858241461413890e-02,2.682299001977342737e-02,2.027076339361648938e-01,-7.754215112616025946e-04,-1.495341148507176726e-02,-4.460739292345283422e-03,0.000000000000000000e+00,0.000000000000000000e+00
1.250000000000000000e+00,-1.570264577865600586e+00,-1.696475386619567871e+00,1.116325631737709045e-01,1.157219186425209045e-01,9.205143451690673828e-01,9.458973407745361328e-01,2.309775352478027344e-01,0.000000000000000000e+00,-1.269429922103881836e-03,0.000000000000000000e+00,-1.192092895507812500e-06,0.000000000000000000e+00,1.000000000000000056e-01,0.000000000000000000e+00,4.107641561387061213e-02,-1.346541697992920811e-02,3.124666997218953583e-03,1.112708703595305035e-02,2.573563764505922696e-02,2.146484236042091598e-01,-2.833034182441853191e-04,-1.020656857363183914e-02,-7.782634877116135878e-03,0.000000000000000000e+00,0.000000000000000000e+00
1.300000000000000044e+00,-1.559081912040710449e+00,-1.696475386619567871e+00,1.111799180507659912e-01,1.157219186425209045e-01,9.202440977096557617e-01,9.458973407745361328e-01,2.236533164978027344e-01,0.000000000000000000e+00,-9.052902460098266602e-03,0.000000000000000000e+00,-5.404949188232421875e-03,0.000000000000000000e+00,1.000000000000000056e-01,0.000000000000000000e+00,3.780983938283679485e-02,-1.351735771791765829e-02,9.905183755597238553e-04,1.954369594315635145e-02,2.609497347143099888e-02,2.221052588238954795e-01,-1.428018353032956466e-03,-7.048138642262032419e-03,-7.081223392270100288e-03,0.000000000000000000e+00,0.000000000000000000e+00
1.350000000000000089e+00,-1.544086098670959473e+00,-1.696475386619567871e+00,1.113754883408546448e-01,1.157219186425209045e-01,9.217441678047180176e-01,9.458973407745361328e-01,2.999162673950195312e-01,0.000000000000000000e+00,3.911405801773071289e-03,0.000000000000000000e+00,3.000140190124511719e-02,0.000000000000000000e+00,1.000000000000000056e-01,0.000000000000000000e+00,2.758667967539908325e-02,-1.326422893509107692e-02,4.618307156426292373e-03,1.834892663069660063e-02,2.617202052679126756e-02,2.382291846049645889e-01,-1.157556678710737041e-03,4.313318376524214598e-04,-5.357568528641760627e-03,0.000000000000000000e+00,0.000000000000000000e+00
1.400000000000000133e+00,-1.529661178588867188e+00,-1.696475386619567871e+00,1.112217158079147339e-01,1.157219186425209045e-01,9.231607913970947266e-01,9.458973407745361328e-01,2.884984016418457031e-01,0.000000000000000000e+00,-3.075450658798217773e-03,0.000000000000000000e+00,2.833247184753417969e-02,0.000000000000000000e+00,1.000000000000000056e-01,0.000000000000000000e+00,1.663572418383263418e-02,-1.316442887810803652e-02,3.925542759442248418e-03,1.761676070795098817e-02,2.308115578723110226e-02,2.543521818887404251e-01,-1.325721896672264841e-03,8.638326405434812449e-03,-1.345648260274903349e-02,0.000000000000000000e+00,0.000000000000000000e+00
1.450000000000000178e+00,-1.515474438667297363e+00,-1.696475386619567871e+00,1.111848279833793640e-01,1.157219186425209045e-01,9.249338507652282715e-01,9.458973407745361328e-01,2.837347984313964844e-01,0.000000000000000000e+00,-7.377564907073974609e-04,0.000000000000000000e+00,3.546118736267089844e-02,0.000000000000000000e+00,1.000000000000000056e-01,0.000000000000000000e+00,5.048372746736022598e-03,-1.348630684327290115e-02,6.280684308025225905e-03,2.008886745501867188e-02,2.317324397780349057e-02,2.671568020759009232e-01,-1.317192596663637350e-03,1.704120569433183532e-02,-1.511373138604568331e-02,0.000000000000000000e+00,0.000000000000000000e+00
1.500000000000000000e+00,-1.500750660896301270e+00,-1.696475386619567871e+00,1.107219681143760681e-01,1.157219186425209045e-01,9.267852306365966797e-01,9.458973407745361328e-01,2.944755554199218750e-01,0.000000000000000000e+00,-9.257197380065917969e-03,0.000000000000000000e+00,3.702759742736816406e-02,0.000000000000000000e+00,1.000000000000000056e-01,0.000000000000000000e+00,-5.510902397624448806e-03,-1.326132712556224794e-02,6.892983053626494834e-03,1.846990199015167283e-02,2.255581662180159222e-02,2.779588240151545375e-01,-2.574185171128770544e-03,2.445694898625602742e-02,-1.551086657203026506e-02,0.000000000000000000e+00,0.000000000000000000e+00
1.550000000000000044e+00,-1.485149502754211426e+00,-1.696475386619567871e+00,1.104878485202789307e-01,1.157219186425209045e-01,9.279660582542419434e-01,9.458973407745361328e-01,3.120231628417968750e-01,0.000000000000000000e+00,-4.682391881942749023e-03,0.000000000000000000e+00,2.361655235290527344e-02,0.000000000000000000e+00,1.000000000000000056e-01,0.000000000000000000e+00,-1.097518009906708544e-02,-1.290388535732743362e-02,6.800281778540058844e-03,1.963505203580713163e-02,2.218399343582425423e-02,2.888217173882625666e-01,-3.543470690853089532e-03,2.806608882760110515e-02,-1.442864928903360260e-02,0.000000000000000000e+00,0.000000000000000000e+00
1.600000000000000089e+00,-1.469199657440185547e+00,-1.696475386619567871e+00,1.104746311902999878e-01,1.157219186425209045e-01,9.288538694381713867e-01,9.458973407745361328e-01,3.189969062805175781e-01,0.000000000000000000e+00,-2.643465995788574219e-04,0.000000000000000000e+00,1.775622367858886719e-02,0.000000000000000000e+00,1.000000000000000056e-01,0.000000000000000000e+00,-1.221547152045674572e-02,-1.246912964349989814e-02,3.151777944938014258e-03,2.604407617269310915e-02,2.149831371755277915e-02,2.990975269478844401e-01,-3.511757666434973078e-03,2.824982217758698760e-02,-1.376887781368553096e-02,0.000000000000000000e+00,0.000000000000000000e+00
1.650000000000000133e+00,-1.452594041824340820e+00,-1.696475386619567871e+00,1.099678948521614075e-01,1.157219186425209045e-01,9.300105571746826172e-01,9.458973407745361328e-01,3.321123123168945312e-01,0.000000000000000000e+00,-1.013472676277160645e-02,0.000000000000000000e+00,2.313375473022460938e-02,0.000000000000000000e+00,1.000000000000000056e-01,0.000000000000000000e+00,-1.274376902103380865e-02,-1.197427832182612270e-02,6.800997204268273769e-03,2.303192272982216779e-02,2.266627320947837282e-02,3.095281218214044339e-01,-4.547834010281489800e-03,2.752984526840304702e-02,-7.537976874280252412e-03,0.000000000000000000e+00,0.000000000000000000e+00
1.700000000000000178e+00,-1.435726642608642578e+00,-1.696475386619567871e+00,1.098055541515350342e-01,1.157219186425209045e-01,9.305895566940307617e-01,9.458973407745361328e-01,3.373479843139648438e-01,0.000000000000000000e+00,-3.246814012527465820e-03,0.000000000000000000e+00,1.157999038696289062e-02,0.000000000000000000e+00,1.000000000000000056e-01,0.000000000000000000e+00,-1.013240896257799201e-02,-1.123174245039743058e-02,6.435738330246586897e-03,1.677785158570380131e-02,2.288150351180349290e-02,3.192116035894860260e-01,-4.864058216339407423e-03,2.463279166746723536e-02,-2.512078094418702945e-03,0.000000000000000000e+00,0.000000000000000000e+00
1.750000000000000000e+00,-1.417420625686645508e+00,-1.696475386619567871e+00,1.092882156372070312e-01,1.157219186425209045e-01,9.317381978034973145e-01,9.458973407745361328e-01,3.661203384399414062e-01,0.000000000000000000e+00,-1.034677028656005859e-02,0.000000000000000000e+00,2.297282218933105469e-02,0.000000000000000000e+00,1.000000000000000056e-01,0.000000000000000000e+00,-9.511049880284810909e-03,-1.084910284354292237e-02,5.585086906597821511e-03,2.108269213456923433e-02,2.107777416965821507e-02,3.315503593992583653e-01,-5.894600679007616466e-03,2.290699037736697308e-02,-5.307085743061797437e-03,0.000000000000000000e+00,0.000000000000000000e+00
1.800000000000000044e+00,-1.400035023689270020e+00,-1.696475386619567871e+00,1.086914166808128357e-01,1.157219186425209045e-01,9.331220984458923340e-01,9.458973407745361328e-01,3.477120399475097656e-01,0.000000000000000000e+00,-1.193597912788391113e-02,0.000000000000000000e+00,2.767801284790039062e-02,0.000000000000000000e+00,1.000000000000000056e-01,0.000000000000000000e+00,-1.099147805309851587e-02,-1.082151532396990676e-02,5.674610435261919460e-03,1.835285433420834680e-02,2.308506626987210514e-02,3.403449253856350443e-01,-7.374397378542625614e-03,2.279389186861049618e-02,5.026609886477949665e-04,0.000000000000000000e+00,0.000000000000000000e+00
1.850000000000000089e+00,-1.380955696105957031e+00,-1.696475386619567871e+00,1.084662750363349915e-01,1.157219186425209045e-01,9.355014562606811523e-01,9.458973407745361328e-01,3.815865516662597656e-01,0.000000000000000000e+00,-4.502832889556884766e-03,0.000000000000000000e+00,4.758715629577636719e-02,0.000000000000000000e+00,1.000000000000000056e-01,0.000000000000000000e+00,-1.815760866389188460e-02,-1.040583672201723063e-02,3.589384888529255097e-03,1.494642731532809347e-02,2.204935280108399551e-02,3.513348159069815679e-01,-7.665075687244942738e-03,2.667530813524623956e-02,6.439013463949231622e-05,0.000000000000000000e+00,0.000000000000000000e+00
1.900000000000000133e+00,-1.361742138862609863e+00,-1.696475386619567871e+00,1.080244481563568115e-01,1.157219186425209045e-01,9.384460449218750000e-01,9.458973407745361328e-01,3.842711448669433594e-01,0.000000000000000000e+00,-8.836537599563598633e-03,0.000000000000000000e+00,5.889177322387695312e-02,0.000000000000000000e+00,1.000000000000000056e-01,0.000000000000000000e+00,-2.960314745761686087e-02,-1.046016567079809285e-02,2.897800547184093897e-03,2.580080482423570409e-02,2.179694657680377248e-02,3.621133361021683372e-01,-7.997868438113134304e-03,3.375191083633527489e-02,-9.689407128906967273e-04,0.000000000000000000e+00,0.000000000000000000e+00
1.950000000000000178e+00,-1.341938972473144531e+00,-1.696475386619567871e+00,1.075687184929847717e-01,1.157219186425209045e-01,9.417342543601989746e-01,9.458973407745361328e-01,3.960633277893066406e-01,0.000000000000000000e+00,-9.114593267440795898e-03,0.000000000000000000e+00,6.576418876647949219e-02,0.000000000000000000e+00,1.000000000000000056e-01,0.000000000000000000e+00,-4.323951378608641150e-02,-1.066518545695264129e-02,2.304839631615284747e-03,2.363013448183427095e-02,1.945730647489457912e-02,3.729462039706937238e-01,-8.343220685315897930e-03,4.240865128972697712e-02,-8.769729626417043650e-03,0.000000000000000000e+00,0.000000000000000000e+00
2.000000000000000000e+00,-1.321591019630432129e+00,-1.696475386619567871e+00,1.071797013282775879e-01,1.157219186425209045e-01,9.454987645149230957e-01,9.458973407745361328e-01,4.069590568542480469e-01,0.000000000000000000e+00,-7.780343294143676758e-03,0.000000000000000000e+00,7.529020309448242188e-02,0.000000000000000000e+00,1.000000000000000056e-01,0.000000000000000000e+00,-5.849018211406430134e-02,-1.114108966639447071e-02,1.030001357988563713e-03,2.676576174886598908e-02,1.866362865757675502e-02,3.838164861989331045e-01,-8.428100945100144847e-03,5.200095612671354339e-02,-1.383516488116711893e-02,0.000000000000000000e+00,0.000000000000000000e+00
2.050000000000000266e+00,-1.300777554512023926e+00,-1.696475386619567871e+00,1.065483987331390381e-01,1.157219186425209045e-01,9.480519294738769531e-01,9.458973407745361328e-01,4.162693023681640625e-01,0.000000000000000000e+00,-1.262605190277099609e-02,0.000000000000000000e+00,5.106329917907714844e-02,0.000000000000000000e+00,1.000000000000000056e-01,0.000000000000000000e+00,-6.677750374059833460e-02,-1.126174629696962033e-02,3.911351696366494393e-03,2.465064402524291820e-02,1.767724127340366755e-02,3.944578337954769420e-01,-9.137798052736867752e-03,5.669313123642304164e-02,-1.732768853984465590e-02,0.000000000000000000e+00,0.000000000000000000e+00
2.100000000000000089e+00,-1.279625773429870605e+00,-1.696475386619567871e+00,1.060904189944267273e-01,1.157219186425209045e-01,9.502894282341003418e-01,9.458973407745361328e-01,4.230356216430664062e-01,0.000000000000000000e+00,-9.159594774246215820e-03,0.000000000000000000e+00,4.474997520446777344e-02,0.000000000000000000e+00,1.000000000000000056e-01,0.000000000000000000e+00,-6.991220609945182629e-02,-1.113449129039035222e-02,1.837765947765148799e-03,3.046034614343733765e-02,1.703995333984572799e-02,4.043680790884434106e-01,-9.499436448155698307e-03,5.716400604395064505e-02,-1.836246938047444988e-02,0.000000000000000000e+00,0.000000000000000000e+00
2.149999999999999911e+00,-1.257541298866271973e+00,-1.696475386619567871e+00,1.057679802179336548e-01,1.157219186425209045e-01,9.520154595375061035e-01,9.458973407745361328e-01,4.416894912719726562e-01,0.000000000000000000e+00,-6.448775529861450195e-03,0.000000000000000000e+00,3.452062606811523438e-02,0.000000000000000000e+00,1.000000000000000056e-01,0.000000000000000000e+00,-6.811006984941085640e-02,-1.082795780712842056e-02,2.574154549280117856e-03,3.304389992609199633e-02,1.547700200076697168e-02,4.152983004719274507e-01,-9.197343123813084970e-03,5.380467190977906294e-02,-2.093337401794742245e-02,0.000000000000000000e+00,0.000000000000000000e+00
2.200000000000000178e+00,-1.235152482986450195e+00,-1.696475386619567871e+00,1.052356660366058350e-01,1.157219186425209045e-01,9.538533091545104980e-01,9.458973407745361328e-01,4.477763175964355469e-01,0.000000000000000000e+00,-1.064628362655639648e-02,0.000000000000000000e+00,3.675699234008789062e-02,0.000000000000000000e+00,1.000000000000000056e-01,0.000000000000000000e+00,-6.525414058569384279e-02,-1.046322264445042824e-02,4.878121684767275888e-03,2.901444895284565478e-02,1.587077355471091036e-02,4.259739019247994474e-01,-9.275049330127706909e-03,4.940117203841994098e-02,-1.765450152067045073e-02,0.000000000000000000e+00,0.000000000000000000e+00
2.250000000000000000e+00,-1.212287545204162598e+00,-1.696475386619567871e+00,1.048701778054237366e-01,1.157219186425209045e-01,9.550930261611938477e-01,9.458973407745361328e-01,4.572987556457519531e-01,0.000000000000000000e+00,-7.309764623641967773e-03,0.000000000000000000e+00,2.479434013366699219e-02,0.000000000000000000e+00,1.000000000000000056e-01,0.000000000000000000e+00,-5.974416158324900861e-02,-9.655654728947648396e-03,6.015716706139546954e-03,3.214708508478070909e-02,1.682651380986841319e-02,4.363378156539949870e-01,-9.002074482124009652e-03,4.326989632919991252e-02,-1.015876106274675103e-02,0.000000000000000000e+00,0.000000000000000000e+00
2.300000000000000266e+00,-1.188718795776367188e+00,-1.696475386619567871e+00,1.043307185173034668e-01,1.157219186425209045e-01,9.550956487655639648e-01,9.458973407745361328e-01,4.713749885559082031e-01,0.000000000000000000e+00,-1.078918576240539551e-02,0.000000000000000000e+00,5.245208740234375000e-05,0.000000000000000000e+00,1.000000000000000056e-01,0.000000000000000000e+00,-4.845598334333567347e-02,-8.698530545112470244e-03,7.866184834890196931e-03,2.800271383954979279e-02,1.765300062332433861e-02,4.471341389356904283e-01,-9.148196043409297790e-03,3.331027205107409128e-02,-2.136187592136531976e-03,0.000000000000000000e+00,0.000000000000000000e+00
2.350000000000000089e+00,-1.164886593818664551e+00,-1.696475386619567871e+00,1.039533913135528564e-01,1.157219186425209045e-01,9.552286267280578613e-01,9.458973407745361328e-01,4.766440391540527344e-01,0.000000000000000000e+00,-7.546544075012207031e-03,0.000000000000000000e+00,2.659559249877929688e-03,0.000000000000000000e+00,1.000000000000000056e-01,0.000000000000000000e+00,-3.739205216409462879e-02,-7.873873642404438655e-03,4.416537111765594069e-03,2.890526714888884754e-02,1.908267927029093716e-02,4.572706679348699232e-01,-8.967513950369368145e-03,2.341479332573081010e-02,6.794241029912174643e-03,0.000000000000000000e+00,0.000000000000000000e+00
2.400000000000000355e+00,-1.140502810478210449e+00,-1.696475386619567871e+00,1.037396937608718872e-01,1.157219186425209045e-01,9.562175273895263672e-01,9.458973407745361328e-01,4.876756668090820312e-01,0.000000000000000000e+00,-4.273951053619384766e-03,0.000000000000000000e+00,1.977801322937011719e-02,0.000000000000000000e+00,1.000000000000000056e-01,0.000000000000000000e+00,-3.222474645990770770e-02,-7.247087997505527110e-03,4.773712094447712397e-04,3.037023330802312085e-02,1.991563141364528083e-02,4.672163959172731529e-01,-8.130737096976821399e-03,1.784294472574294785e-02,1.286838280572778770e-02,0.000000000000000000e+00,0.000000000000000000e+00
2.450000000000000178e+00,-1.115688562393188477e+00,-1.696475386619567871e+00,1.035281866788864136e-01,1.157219186425209045e-01,9.578175544738769531e-01,9.458973407745361328e-01,4.962849617004394531e-01,0.000000000000000000e+00,-4.230141639709472656e-03,0.000000000000000000e+00,3.200054168701171875e-02,0.000000000000000000e+00,1.000000000000000056e-01,0.000000000000000000e+00,-3.344627412524227988e-02,-6.919598061750788405e-03,-1.585921658350053411e-03,2.714998995266390894e-02,2.246191063086686382e-02,4.768535318191982619e-01,-7.088802435970294538e-03,1.727988049342649157e-02,2.197944985502337314e-02,0.000000000000000000e+00,0.000000000000000000e+00
2.500000000000000000e+00,-1.090572476387023926e+00,-1.696475386619567871e+00,1.035443767905235291e-01,1.157219186425209045e-01,9.595128297805786133e-01,9.458973407745361328e-01,5.023217201232910156e-01,0.000000000000000000e+00,3.238022327423095703e-04,0.000000000000000000e+00,3.390550613403320312e-02,0.000000000000000000e+00,1.000000000000000056e-01,0.000000000000000000e+00,-3.808884369870722819e-02,-6.583574385542488583e-03,-2.800482169926754063e-03,2.650335050811831322e-02,2.491335924942883820e-02,4.857629924616262418e-01,-5.385432199890320334e-03,1.963674661074439956e-02,3.087461004708900308e-02,0.000000000000000000e+00,0.000000000000000000e+00
2.550000000000000266e+00,-1.070108175277709961e+00,-1.696475386619567871e+00,1.038160026073455811e-01,1.157219186425209045e-01,9.608435034751892090e-01,9.458973407745361328e-01,4.092860221862792969e-01,0.000000000000000000e+00,5.432516336441040039e-03,0.000000000000000000e+00,2.661347389221191406e-02,0.000000000000000000e+00,1.000000000000000056e-01,0.000000000000000000e+00,-4.224059158155865634e-02,-6.547868850058897496e-03,-2.501540984774802082e-03,2.685032034764581535e-02,2.663545005313694078e-02,4.781108629240159447e-01,-2.807292442543550277e-03,2.193450689394995518e-02,3.593055738709702296e-02,0.000000000000000000e+00,0.000000000000000000e+00
2.600000000000000089e+00,-1.038632750511169434e+00,-1.696475386619567871e+00,1.042444184422492981e-01,1.157219186425209045e-01,9.619278311729431152e-01,9.458973407745361328e-01,6.295084953308105469e-01,0.000000000000000000e+00,8.568316698074340820e-03,0.000000000000000000e+00,2.168655395507812500e-02,0.000000000000000000e+00,1.000000000000000056e-01,0.000000000000000000e+00,-4.477105985857088993e-02,-6.885956254947174851e-03,-2.170886769760889054e-03,3.642794439980178572e-02,2.977139337107737385e-02,4.982989591176811284e-01,3.009196760589156333e-04,2.305477171570188832e-02,4.273765095170294764e-02,0.000000000000000000e+00,0.000000000000000000e+00
2.650000000000000355e+00,-1.012336969375610352e+00,-1.696475386619567871e+00,1.048885136842727661e-01,1.157219186425209045e-01,9.620404243469238281e-01,9.458973407745361328e-01,5.259156227111816406e-01,0.000000000000000000e+00,1.288190484046936035e-02,0.000000000000000000e+00,2.251863479614257812e-03,0.000000000000000000e+00,1.000000000000000056e-01,0.000000000000000000e+00,-4.179647395627065359e-02,-7.395725442539421469e-03,7.617268645446094097e-04,3.710383681561418845e-02,3.064567588763888323e-02,5.128746599509500514e-01,3.868131325170005852e-03,2.031554249986569638e-02,4.216174463273301976e-02,0.000000000000000000e+00,0.000000000000000000e+00
2.700000000000000178e+00,-9.856809377670288086e-01,-1.696475386619567871e+00,1.056150868535041809e-01,1.157219186425209045e-01,9.617076516151428223e-01,9.458973407745361328e-01,5.331206321716308594e-01,0.000000000000000000e+00,1.453146338462829590e-02,0.000000000000000000e+00,-6.655454635620117188e-03,0.000000000000000000e+00,1.000000000000000056e-01,0.000000000000000000e+00,-3.498510102737248384e-02,-8.525427977216788744e-03,1.045066962786178567e-03,4.248071613591110351e-02,3.136624261374845041e-02,5.234469900380342988e-01,7.362368895623671791e-03,1.464864909495692917e-02,3.746284279347025098e-02,0.000000000000000000e+00,0.000000000000000000e+00
2.750000000000000000e+00,-9.587023854255676270e-01,-1.696475386619567871e+00,1.066366210579872131e-01,1.157219186425209045e-01,9.615191221237182617e-01,9.458973407745361328e-01,5.395710468292236328e-01,0.000000000000000000e+00,2.043068408966064453e-02,0.000000000000000000e+00,-3.770589828491210938e-03,0.000000000000000000e+00,1.000000000000000056e-01,0.000000000000000000e+00,-2.820639353159390406e-02,-9.876691445786511814e-03,3.847039249876053457e-03,4.162854207171264032e-02,3.212895550721987792e-02,5.313440847576360593e-01,1.120181717961431581e-02,8.862673839360540873e-03,3.156345095680687662e-02,0.000000000000000000e+00,0.000000000000000000e+00
2.800000000000000266e+00,-9.306395053863525391e-01,-1.696475386619567871e+00,1.077172309160232544e-01,1.157219186425209045e-01,9.607869386672973633e-01,9.458973407745361328e-01,5.612576007843017578e-01,0.000000000000000000e+00,2.161219716072082520e-02,0.000000000000000000e+00,-1.464366912841796875e-02,0.000000000000000000e+00,1.000000000000000056e-01,0.000000000000000000e+00,-1.981145979929094594e-02,-1.123695756076286377e-02,5.036627710864325855e-03,4.312502602494694415e-02,3.183600818125741777e-02,5.400815224456257946e-01,1.479326711457648082e-02,2.208495287345117741e-03,2.264141899804491403e-02,0.000000000000000000e+00,0.000000000000000000e+00
2.850000000000000089e+00,-9.025370478630065918e-01,-1.696475386619567871e+00,1.089591309428215027e-01,1.157219186425209045e-01,9.602295160293579102e-01,9.458973407745361328e-01,5.620491504669189453e-01,0.000000000000000000e+00,2.483800053596496582e-02,0.000000000000000000e+00,-1.114845275878906250e-02,0.000000000000000000e+00,1.000000000000000056e-01,0.000000000000000000e+00,-1.295073909707640872e-02,-1.264991340260619365e-02,5.070919830733354623e-03,4.238322673302398480e-02,3.097942657826392374e-02,5.479808397156469280e-01,1.820147093479086015e-02,-3.271588939569069002e-03,1.182048612785175853e-02,0.000000000000000000e+00,0.000000000000000000e+00
2.900000000000000355e+00,-8.794128894805908203e-01,-1.696475386619567871e+00,1.100680232048034668e-01,1.157219186425209045e-01,9.595269560813903809e-01,9.458973407745361328e-01,4.624831676483154297e-01,0.000000000000000000e+00,2.217784523963928223e-02,0.000000000000000000e+00,-1.405119895935058594e-02,0.000000000000000000e+00,1.000000000000000056e-01,0.000000000000000000e+00,-7.057245032169395804e-03,-1.382579847451699886e-02,3.091405808347144624e-03,4.444756343764441620e-02,3.190788910283681723e-02,5.383859328492762719e-01,2.055321273683653749e-02,-7.749702302069917496e-03,7.431351183437364359e-03,0.000000000000000000e+00,0.000000000000000000e+00
2.950000000000000178e+00,-8.438919186592102051e-01,-1.696475386619567871e+00,1.118723452091217041e-01,1.157219186425209045e-01,9.586824774742126465e-01,9.458973407745361328e-01,7.104194164276123047e-01,0.000000000000000000e+00,3.608644008636474609e-02,0.000000000000000000e+00,-1.688957214355468750e-02,0.000000000000000000e+00,1.000000000000000056e-01,0.000000000000000000e+00,-1.867381861013798008e-03,-1.456806652150672947e-02,-2.046683636548476785e-03,4.563446273403545805e-02,2.910093818370455485e-02,5.608716081301570178e-01,2.420761645641110460e-02,-1.146165417711585838e-02,-4.882167383034323634e-03,0.000000000000000000e+00,0.000000000000000000e+00
3.000000000000000000e+00,-8.142710924148559570e-01,-1.696475386619567871e+00,1.138461828231811523e-01,1.157219186425209045e-01,9.583497047424316406e-01,9.458973407745361328e-01,5.924165248870849609e-01,0.000000000000000000e+00,3.947675228118896484e-02,0.000000000000000000e+00,-6.655454635620117188e-03,0.000000000000000000e+00,1.000000000000000056e-01,0.000000000000000000e+00,-2.222752815770438761e-04,-1.551510391444004509e-02,-4.229384975103019258e-03,4.405779607765644007e-02,2.855484634437360780e-02,5.772308871157695309e-01,2.847750670717522428e-02,-1.257155188432458950e-02,-1.205607996041562109e-02,0.000000000000000000e+00,0.000000000000000000e+00
3.050000000000000266e+00,-7.838118672370910645e-01,-1.696475386619567871e+00,1.162425726652145386e-01,1.157219186425209045e-01,9.577619433403015137e-01,9.458973407745361328e-01,6.091845035552978516e-01,0.000000000000000000e+00,4.792779684066772461e-02,0.000000000000000000e+00,-1.175522804260253906e-02,0.000000000000000000e+00,1.000000000000000056e-01,0.000000000000000000e+00,9.489707729318473672e-04,-1.591711149345657189e-02,-7.234035244696223124e-03,4.273134375670376711e-02,2.666811370121846547e-02,5.905631682017982165e-01,3.372221669976270542e-02,-1.300202853823793393e-02,-1.975580063970118483e-02,0.000000000000000000e+00,0.000000000000000000e+00
3.100000000000000089e+00,-7.588544487953186035e-01,-1.696475386619567871e+00,1.183669865131378174e-01,1.157219186425209045e-01,9.572178125381469727e-01,9.458973407745361328e-01,4.991483688354492188e-01,0.000000000000000000e+00,4.248827695846557617e-02,0.000000000000000000e+00,-1.088261604309082031e-02,0.000000000000000000e+00,1.000000000000000056e-01,0.000000000000000000e+00,1.446083340198316483e-03,-1.605323213380621672e-02,-7.622781703514799716e-03,4.390462484128277582e-02,2.649616023592557892e-02,5.827702591221042283e-01,3.776168007102459478e-02,-1.288260911740882891e-02,-2.104979130638564774e-02,0.000000000000000000e+00,0.000000000000000000e+00
3.150000000000000355e+00,-7.214191555976867676e-01,-1.696475386619567871e+00,1.223035231232643127e-01,1.157219186425209045e-01,9.560568928718566895e-01,9.458973407745361328e-01,7.487058639526367188e-01,0.000000000000000000e+00,7.873073220252990723e-02,0.000000000000000000e+00,-2.321839332580566406e-02,0.000000000000000000e+00,1.000000000000000056e-01,0.000000000000000000e+00,4.588604136068864109e-03,-1.569575691749755531e-02,-7.083773383903717649e-03,4.283937436825427381e-02,2.495296628874749470e-02,6.051967126942222608e-01,4.630842602828429827e-02,-1.446421457508055390e-02,-2.326185516173310402e-02,0.000000000000000000e+00,0.000000000000000000e+00
3.200000000000000178e+00,-6.895790100097656250e-01,-1.696475386619567871e+00,1.258462667465209961e-01,1.157219186425209045e-01,9.549192786216735840e-01,9.458973407745361328e-01,6.368029117584228516e-01,0.000000000000000000e+00,7.085487246513366699e-02,0.000000000000000000e+00,-2.275228500366210938e-02,0.000000000000000000e+00,1.000000000000000056e-01,0.000000000000000000e+00,8.308524858044674666e-03,-1.538958429434983399e-02,-4.789107248230820360e-03,4.696846440386696908e-02,2.287907871346373315e-02,6.215358380756867973e-01,5.452115761159050111e-02,-1.657902117480438905e-02,-2.727191628407925339e-02,0.000000000000000000e+00,0.000000000000000000e+00
3.250000000000000000e+00,-6.572573184967041016e-01,-1.696475386619567871e+00,1.300178915262222290e-01,1.157219186425209045e-01,9.538188576698303223e-01,9.458973407745361328e-01,6.464338302612304688e-01,0.000000000000000000e+00,8.343249559402465820e-02,0.000000000000000000e+00,-2.200841903686523438e-02,0.000000000000000000e+00,1.000000000000000056e-01,0.000000000000000000e+00,1.177546666652631684e-02,-1.516347184422209629e-02,-1.179282248262895298e-03,4.301793576813102427e-02,2.023956847232431452e-02,6.337371375643460203e-01,6.325869412189219498e-02,-1.850881819491061175e-02,-3.334941605085674221e-02,0.000000000000000000e+00,0.000000000000000000e+00
3.300000000000000266e+00,-6.246159672737121582e-01,-1.696475386619567871e+00,1.344561576843261719e-01,1.157219186425209045e-01,9.521456360816955566e-01,9.458973407745361328e-01,6.528270244598388672e-01,0.000000000000000000e+00,8.876532316207885742e-02,0.000000000000000000e+00,-3.346443176269531250e-02,0.000000000000000000e+00,1.000000000000000056e-01,0.000000000000000000e+00,1.751797355675419054e-02,-1.492397291584162886e-02,3.557212381870791958e-04,4.260219506811388501e-02,1.803255411765584265e-02,6.429274866410593647e-01,7.172024381393531101e-02,-2.185851532354094254e-02,-3.813082696973677660e-02,0.000000000000000000e+00,0.000000000000000000e+00
3.350000000000000089e+00,-5.914953351020812988e-01,-1.696475386619567871e+00,1.391250044107437134e-01,1.157219186425209045e-01,9.504994153976440430e-01,9.458973407745361328e-01,6.624126434326171875e-01,0.000000000000000000e+00,9.337693452835083008e-02,0.000000000000000000e+00,-3.292441368103027344e-02,0.000000000000000000e+00,1.000000000000000056e-01,0.000000000000000000e+00,2.334100484974272610e-02,-1.463064424520968410e-02,6.283874843952300896e-04,4.409726922228308227e-02,1.282693635830806089e-02,6.506610339058578329e-01,7.943093014137843355e-02,-2.530692488292801343e-02,-5.102534356540690264e-02,0.000000000000000000e+00,0.000000000000000000e+00
3.400000000000000355e+00,-5.580874085426330566e-01,-1.696475386619567871e+00,1.443535238504409790e-01,1.157219186425209045e-01,9.485359191894531250e-01,9.458973407745361328e-01,6.681585311889648438e-01,0.000000000000000000e+00,1.045703887939453125e-01,0.000000000000000000e+00,-3.926992416381835938e-02,0.000000000000000000e+00,1.000000000000000056e-01,0.000000000000000000e+00,3.011106267362798766e-02,-1.463489847135492072e-02,1.003322519302034385e-03,4.377543273803432416e-02,8.374651000425762173e-03,6.573436035831476953e-01,8.731591415310248350e-02,-2.926536796095679377e-02,-6.357272296076885154e-02,0.000000000000000000e+00,0.000000000000000000e+00
3.450000000000000178e+00,-5.243551135063171387e-01,-1.696475386619567871e+00,1.495477408170700073e-01,1.157219186425209045e-01,9.461994171142578125e-01,9.458973407745361328e-01,6.746459007263183594e-01,0.000000000000000000e+00,1.038843393325805664e-01,0.000000000000000000e+00,-4.673004150390625000e-02,0.000000000000000000e+00,1.000000000000000056e-01,0.000000000000000000e+00,3.823715063383262280e-02,-1.431418035205871131e-02,-6.714448316670805711e-04,4.470272961947473200e-02,3.281274569321185938e-03,6.634647488268363702e-01,9.392732588687413564e-02,-3.403747211204674605e-02,-7.598850230304037001e-02,0.000000000000000000e+00,0.000000000000000000e+00
3.500000000000000000e+00,-4.901641607284545898e-01,-1.696475386619567871e+00,1.552398800849914551e-01,1.157219186425209045e-01,9.436630606651306152e-01,9.458973407745361328e-01,6.838190555572509766e-01,0.000000000000000000e+00,1.138427853584289551e-01,0.000000000000000000e+00,-5.072712898254394531e-02,0.000000000000000000e+00,1.000000000000000056e-01,0.000000000000000000e+00,4.692152377587545387e-02,-1.372846707484708453e-02,-1.480812484286122459e-03,4.613966967513555284e-02,-3.076887961797516568e-03,6.697873719359490607e-01,1.004276684111625878e-01,-3.909710750532161688e-02,-9.038388804481183036e-02,0.000000000000000000e+00,0.000000000000000000e+00
3.550000000000000266e+00,-4.623644053936004639e-01,-1.696475386619567871e+00,1.597435176372528076e-01,1.157219186425209045e-01,9.417149424552917480e-01,9.458973407745361328e-01,5.559951066970825195e-01,0.000000000000000000e+00,9.007275104522705078e-02,0.000000000000000000e+00,-3.896236419677734375e-02,0.000000000000000000e+00,1.000000000000000056e-01,0.000000000000000000e+00,5.205670056028340043e-02,-1.280116996842995715e-02,7.674803624879132386e-04,4.552759234150371981e-02,-7.389101106770610931e-03,6.549020318364506821e-01,1.020634015747478862e-01,-4.162924244958168124e-02,-9.699147874151203830e-02,0.000000000000000000e+00,0.000000000000000000e+00
3.600000000000000089e+00,-4.206466674804687500e-01,-1.696475386619567871e+00,1.669061779975891113e-01,1.157219186425209045e-01,9.394456148147583008e-01,9.458973407745361328e-01,8.343547582626342773e-01,0.000000000000000000e+00,1.432532072067260742e-01,0.000000000000000000e+00,-4.538655281066894531e-02,0.000000000000000000e+00,1.000000000000000056e-01,0.000000000000000000e+00,5.682003198862745769e-02,-1.118711453742759349e-02,6.398407286089462069e-03,4.193812562639861324e-02,-1.414679646467266981e-02,6.758962591134378695e-01,1.094320801918398367e-01,-4.350404337129348820e-02,-1.063884869363775076e-01,0.000000000000000000e+00,0.000000000000000000e+00
3.650000000000000355e+00,-3.852599859237670898e-01,-1.696475386619567871e+00,1.728971153497695923e-01,1.157219186425209045e-01,9.381248354911804199e-01,9.458973407745361328e-01,7.077336311340332031e-01,0.000000000000000000e+00,1.198187470436096191e-01,0.000000000000000000e+00,-2.641558647155761719e-02,0.000000000000000000e+00,1.000000000000000056e-01,0.000000000000000000e+00,5.635050627995701056e-02,-9.532187798928856357e-03,1.242405547562310669e-02,4.303980483100666721e-02,-2.047011611347514595e-02,6.915492790944951507e-01,1.148009248894612255e-01,-4.173567322350031639e-02,-1.143204929321053193e-01,0.000000000000000000e+00,0.000000000000000000e+00
3.700000000000000178e+00,-3.495033681392669678e-01,-1.696475386619567871e+00,1.785905361175537109e-01,1.157219186425209045e-01,9.368450641632080078e-01,9.458973407745361328e-01,7.151323556900024414e-01,0.000000000000000000e+00,1.138684153556823730e-01,0.000000000000000000e+00,-2.559542655944824219e-02,0.000000000000000000e+00,1.000000000000000056e-01,0.000000000000000000e+00,5.391958201273339829e-02,-7.499764144459826823e-03,1.790310608855948463e-02,4.477919820313071980e-02,-2.611326643021510616e-02,7.031954302460682316e-01,1.173623862654442351e-01,-3.827926330468009453e-02,-1.180921577083308416e-01,0.000000000000000000e+00,0.000000000000000000e+00
3.750000000000000000e+00,-3.206664323806762695e-01,-1.696475386619567871e+00,1.830572932958602905e-01,1.157219186425209045e-01,9.359049201011657715e-01,9.458973407745361328e-01,5.767387151718139648e-01,0.000000000000000000e+00,8.933514356613159180e-02,0.000000000000000000e+00,-1.880288124084472656e-02,0.000000000000000000e+00,1.000000000000000056e-01,0.000000000000000000e+00,4.952722489734871086e-02,-4.943810351439871867e-03,2.214480726016499271e-02,4.648414088485001289e-02,-3.061004600423907276e-02,6.889850214527662997e-01,1.142029017524719414e-01,-3.344096262093565475e-02,-1.155229053458277783e-01,0.000000000000000000e+00,0.000000000000000000e+00
3.800000000000000266e+00,-2.764798402786254883e-01,-1.696475386619567871e+00,1.892449259757995605e-01,1.157219186425209045e-01,9.344797730445861816e-01,9.458973407745361328e-01,8.837318420410156250e-01,0.000000000000000000e+00,1.237526535987854004e-01,0.000000000000000000e+00,-2.850294113159179688e-02,0.000000000000000000e+00,1.000000000000000056e-01,0.000000000000000000e+00,4.752621096542034018e-02,-2.052340660676329337e-03,2.281729288954780291e-02,5.249865592120848967e-02,-3.728642538471402257e-02,7.127493984784948333e-01,1.141253576084001742e-01,-3.021470651452862199e-02,-1.170863394610679592e-01,0.000000000000000000e+00,0.000000000000000000e+00
3.850000000000000089e+00,-2.396643310785293579e-01,-1.696475386619567871e+00,1.941917687654495239e-01,1.157219186425209045e-01,9.334431290626525879e-01,9.458973407745361328e-01,7.363101840019226074e-01,0.000000000000000000e+00,9.893685579299926758e-02,0.000000000000000000e+00,-2.073287963867187500e-02,0.000000000000000000e+00,1.000000000000000056e-01,0.000000000000000000e+00,4.517765270275587997e-02,6.469353367570124247e-04,2.065529599179741216e-02,5.242605934490229130e-02,-4.206146733372677360e-02,7.284857165747441465e-01,1.116734759510689678e-01,-2.708023144102707225e-02,-1.144464551712798123e-01,0.000000000000000000e+00,0.000000000000000000e+00
3.900000000000000355e+00,-2.020570188760757446e-01,-1.696475386619567871e+00,1.986211538314819336e-01,1.157219186425209045e-01,9.324445128440856934e-01,9.458973407745361328e-01,7.521462440490722656e-01,0.000000000000000000e+00,8.858770132064819336e-02,0.000000000000000000e+00,-1.997232437133789062e-02,0.000000000000000000e+00,1.000000000000000056e-01,0.000000000000000000e+00,4.326492922253181300e-02,3.695765045785653208e-03,1.759753377739760663e-02,5.361959997700541797e-02,-4.579693038871832100e-02,7.401862106602136171e-01,1.067687845586592910e-01,-2.436918256063636684e-02,-1.068017454790263776e-01,0.000000000000000000e+00,0.000000000000000000e+00
3.950000000000000178e+00,-1.635376214981079102e-01,-1.696475386619567871e+00,2.025691419839859009e-01,1.157219186425209045e-01,9.311974644660949707e-01,9.458973407745361328e-01,7.703879475593566895e-01,0.000000000000000000e+00,7.895976305007934570e-02,0.000000000000000000e+00,-2.494096755981445312e-02,0.000000000000000000e+00,1.000000000000000056e-01,0.000000000000000000e+00,4.326630584636440013e-02,7.058880178309656986e-03,1.563721792081160245e-02,5.244491377899757056e-02,-4.799754871099884412e-02,7.508889648410684847e-01,9.987588440355209263e-02,-2.309177761279018748e-02,-9.296923908814744286e-02,0.000000000000000000e+00,0.000000000000000000e+00
4.000000000000000000e+00,-1.251860409975051880e-01,-1.696475386619567871e+00,2.061010003089904785e-01,1.157219186425209045e-01,9.308015108108520508e-01,9.458973407745361328e-01,7.670316100120544434e-01,0.000000000000000000e+00,7.063716650009155273e-02,0.000000000000000000e+00,-7.919073104858398438e-03,0.000000000000000000e+00,1.000000000000000056e-01,0.000000000000000000e+00,4.026319075395376479e-02,1.067894033693054558e-02,1.569034230768292376e-02,5.129316066289470871e-02,-4.854111095130331233e-02,7.588548359186839676e-01,9.175244609706517673e-02,-2.003684956092321306e-02,-7.294658307801406283e-02,0.000000000000000000e+00,0.000000000000000000e+00
4.049999999999999822e+00,-8.612187951803207397e-02,-1.696475386619567871e+00,2.092899531126022339e-01,1.157219186425209045e-01,9.305600523948669434e-01,9.458973407745361328e-01,7.812832295894622803e-01,0.000000000000000000e+00,6.377905607223510742e-02,0.000000000000000000e+00,-4.829168319702148438e-03,0.000000000000000000e+00,1.000000000000000056e-01,0.000000000000000000e+00,3.605715411911326884e-02,1.427156056182377931e-02,1.495942592534586259e-02,5.192104832086499866e-02,-4.937758815978942478e-02,7.664379466728343804e-01,8.320897114533566674e-02,-1.607927000987770597e-02,-5.391110948801686870e-02,0.000000000000000000e+00,0.000000000000000000e+00
4.100000000000000533e+00,-4.613011702895164490e-02,-1.696475386619567871e+00,2.122326046228408813e-01,1.157219186425209045e-01,9.309945106506347656e-01,9.458973407745361328e-01,7.998352497816085815e-01,0.000000000000000000e+00,5.885303020477294922e-02,0.000000000000000000e+00,8.689165115356445312e-03,0.000000000000000000e+00,1.000000000000000056e-01,0.000000000000000000e+00,2.882714820575509734e-02,1.741242101000448420e-02,1.492207063505791159e-02,4.792855252123850301e-02,-4.793029068535139409e-02,7.755703319126662221e-01,7.502815285737365891e-02,-1.014737389158257459e-02,-3.114199613965745739e-02,0.000000000000000000e+00,0.000000000000000000e+00
4.150000000000000355e+00,-1.433791406452655792e-02,-1.696475386619567871e+00,2.142922580242156982e-01,1.157219186425209045e-01,9.318807721138000488e-01,9.458973407745361328e-01,6.358440592885017395e-01,0.000000000000000000e+00,4.119306802749633789e-02,0.000000000000000000e+00,1.772522926330566406e-02,0.000000000000000000e+00,1.000000000000000056e-01,0.000000000000000000e+00,1.938329384016679313e-02,2.020678224697993255e-02,1.217470883121345333e-02,4.982248603455122216e-02,-4.738871349437954322e-02,7.579833394821637871e-01,6.552456840761518297e-02,-2.725955243578058289e-03,-1.298304639258861248e-02,0.000000000000000000e+00,0.000000000000000000e+00
4.200000000000000178e+00,3.400533646345138550e-02,-1.696475386619567871e+00,2.169759273529052734e-01,1.157219186425209045e-01,9.329683184623718262e-01,9.458973407745361328e-01,9.668650105595588684e-01,0.000000000000000000e+00,5.367338657379150391e-02,0.000000000000000000e+00,2.175092697143554688e-02,0.000000000000000000e+00,1.000000000000000056e-01,0.000000000000000000e+00,9.464755327998664730e-03,2.227708862799413631e-02,9.692257683375383320e-03,5.214197746111087772e-02,-4.437636162837299558e-02,7.822889637220340475e-01,5.884561819342298827e-02,4.907786162606775186e-03,7.814417218859361774e-03,0.000000000000000000e+00,0.000000000000000000e+00
4.250000000000000000e+00,7.486795634031295776e-02,-1.696475386619567871e+00,2.191129624843597412e-01,1.157219186425209045e-01,9.340227842330932617e-01,9.458973407745361328e-01,8.172523975372314453e-01,0.000000000000000000e+00,4.274070262908935547e-02,0.000000000000000000e+00,2.108931541442871094e-02,0.000000000000000000e+00,1.000000000000000056e-01,0.000000000000000000e+00,9.571141761389127117e-04,2.406802315448453022e-02,8.165463804587701560e-03,5.101201835378730426e-02,-4.051663186928985277e-02,8.001097931233015492e-01,5.291650785445014410e-02,1.133093890737880971e-02,2.933193738065351802e-02,0.000000000000000000e+00,0.000000000000000000e+00
4.299999999999999822e+00,1.158906519412994385e-01,-1.696475386619567871e+00,2.210607528686523438e-01,1.157219186425209045e-01,9.348693490028381348e-01,9.458973407745361328e-01,8.204539120197296143e-01,0.000000000000000000e+00,3.895580768585205078e-02,0.000000000000000000e+00,1.693129539489746094e-02,0.000000000000000000e+00,1.000000000000000056e-01,0.000000000000000000e+00,-4.710619325497449397e-03,2.524206517917664330e-02,5.798158114516465192e-03,5.025903445595783503e-02,-3.835161058295019632e-02,8.123354929538840752e-01,4.770644904520383173e-02,1.546226569838757628e-02,4.241052326881751544e-02,0.000000000000000000e+00,0.000000000000000000e+00
4.350000000000000533e+00,1.574739962816238403e-01,-1.696475386619567871e+00,2.228588163852691650e-01,1.157219186425209045e-01,9.357648491859436035e-01,9.458973407745361328e-01,8.316668868064880371e-01,0.000000000000000000e+00,3.596127033233642578e-02,0.000000000000000000e+00,1.791000366210937500e-02,0.000000000000000000e+00,1.000000000000000056e-01,0.000000000000000000e+00,-8.556170211246072813e-03,2.545244621499285348e-02,4.306897937944319070e-03,5.131457061094158584e-02,-3.454186457198035742e-02,8.215765208156927679e-01,4.321123045845257776e-02,1.793613012105053223e-02,5.437790235789605187e-02,0.000000000000000000e+00,0.000000000000000000e+00
4.400000000000000355e+00,1.997103244066238403e-01,-1.696475386619567871e+00,2.243785262107849121e-01,1.157219186425209045e-01,9.365811347961425781e-01,9.458973407745361328e-01,8.447265625000000000e-01,0.000000000000000000e+00,3.039419651031494141e-02,0.000000000000000000e+00,1.632571220397949219e-02,0.000000000000000000e+00,1.000000000000000056e-01,0.000000000000000000e+00,-1.063045740109359004e-02,2.525645569322226835e-02,5.579452876170362327e-03,4.737706464339241225e-02,-3.061524798392727814e-02,8.299178247125279517e-01,3.890651554311275184e-02,1.892884039007700081e-02,6.425471460552109604e-02,0.000000000000000000e+00,0.000000000000000000e+00
4.450000000000000178e+00,2.417905628681182861e-01,-1.696475386619567871e+00,2.260468751192092896e-01,1.157219186425209045e-01,9.374040365219116211e-01,9.458973407745361328e-01,8.416047692298889160e-01,0.000000000000000000e+00,3.336697816848754883e-02,0.000000000000000000e+00,1.645803451538085938e-02,0.000000000000000000e+00,1.000000000000000056e-01,0.000000000000000000e+00,-1.171002102792970470e-02,2.464902502582962465e-02,4.823048357212754086e-03,4.857265221288709772e-02,-2.620968161665751181e-02,8.359840957270914252e-01,3.585400111623173597e-02,1.903735371002726259e-02,7.302913277358978605e-02,0.000000000000000000e+00,0.000000000000000000e+00
4.500000000000000000e+00,2.845394313335418701e-01,-1.696475386619567871e+00,2.274961918592453003e-01,1.157219186425209045e-01,9.384000897407531738e-01,9.458973407745361328e-01,8.549773693084716797e-01,0.000000000000000000e+00,2.898633480072021484e-02,0.000000000000000000e+00,1.992106437683105469e-02,0.000000000000000000e+00,1.000000000000000056e-01,0.000000000000000000e+00,-1.308907155644415364e-02,2.357977104023613324e-02,3.790217604371285895e-03,4.924860087730840302e-02,-2.399622605260062075e-02,8.420628196269500654e-01,3.322247989936730206e-02,1.923249962060721158e-02,7.288885115326652897e-02,0.000000000000000000e+00,0.000000000000000000e+00
4.549999999999999822e+00,3.276187777519226074e-01,-1.696475386619567871e+00,2.289793789386749268e-01,1.157219186425209045e-01,9.397293925285339355e-01,9.458973407745361328e-01,8.615869283676147461e-01,0.000000000000000000e+00,2.966374158859252930e-02,0.000000000000000000e+00,2.658605575561523438e-02,0.000000000000000000e+00,1.000000000000000056e-01,0.000000000000000000e+00,-1.607022854112107740e-02,2.184914662124467361e-02,1.954790472736359693e-03,5.008838128334535539e-02,-2.030293360849392756e-02,8.482321533541485881e-01,3.132906373364943708e-02,2.049912531772107860e-02,7.297325211125411937e-02,0.000000000000000000e+00,0.000000000000000000e+00
4.600000000000000533e+00,3.707024753093719482e-01,-1.696475386619567871e+00,2.303052842617034912e-01,1.157219186425209045e-01,9.410811662673950195e-01,9.458973407745361328e-01,8.616739511489868164e-01,0.000000000000000000e+00,2.651810646057128906e-02,0.000000000000000000e+00,2.703547477722167969e-02,0.000000000000000000e+00,1.000000000000000056e-01,0.000000000000000000e+00,-1.954339681043975110e-02,2.013405876719375973e-02,3.388012978470635386e-03,4.188482678693651595e-02,-1.663019408616809094e-02,8.534810206891609852e-01,2.960924132729488706e-02,2.217669834792287270e-02,7.309234232667909115e-02,0.000000000000000000e+00,0.000000000000000000e+00
4.650000000000000355e+00,4.140754044055938721e-01,-1.696475386619567871e+00,2.315802127122879028e-01,1.157219186425209045e-01,9.424778819084167480e-01,9.458973407745361328e-01,8.674585819244384766e-01,0.000000000000000000e+00,2.549856901168823242e-02,0.000000000000000000e+00,2.793431282043457031e-02,0.000000000000000000e+00,1.000000000000000056e-01,0.000000000000000000e+00,-2.316369133123535526e-02,1.833656764805656481e-02,3.817340821383147925e-03,4.108300372834947090e-02,-1.429921231232967639e-02,8.583504471712983808e-01,2.808827236746031658e-02,2.393796699266565950e-02,6.894716476966952778e-02,0.000000000000000000e+00,0.000000000000000000e+00
4.700000000000000178e+00,4.580467939376831055e-01,-1.696475386619567871e+00,2.328874170780181885e-01,1.157219186425209045e-01,9.442399740219116211e-01,9.458973407745361328e-01,8.794277906417846680e-01,0.000000000000000000e+00,2.614408731460571289e-02,0.000000000000000000e+00,3.524184226989746094e-02,0.000000000000000000e+00,1.000000000000000056e-01,0.000000000000000000e+00,-2.825542585629581618e-02,1.633953002397610724e-02,4.302035372478993890e-03,3.768767800087859110e-02,-1.112975061204224229e-02,8.641561992042485763e-01,2.701181643112977177e-02,2.662251854914091456e-02,6.597224514636895742e-02,0.000000000000000000e+00,0.000000000000000000e+00
4.750000000000000000e+00,4.932724535465240479e-01,-1.696475386619567871e+00,2.340321987867355347e-01,1.157219186425209045e-01,9.451469182968139648e-01,9.458973407745361328e-01,7.045131921768188477e-01,0.000000000000000000e+00,2.289563417434692383e-02,0.000000000000000000e+00,1.813888549804687500e-02,0.000000000000000000e+00,1.000000000000000056e-01,0.000000000000000000e+00,-2.931783039589359180e-02,1.445820505667804595e-02,1.691231261466503034e-03,4.371649978188436175e-02,-8.987023837067434698e-03,8.417264514019177080e-01,2.581467180434419625e-02,2.662972618712253908e-02,6.079850956233781578e-02,0.000000000000000000e+00,0.000000000000000000e+00
4.800000000000000711e+00,5.470696687698364258e-01,-1.696475386619567871e+00,2.357626259326934814e-01,1.157219186425209045e-01,9.463924169540405273e-01,9.458973407745361328e-01,1.075944304466247559e+00,0.000000000000000000e+00,3.460854291915893555e-02,0.000000000000000000e+00,2.490997314453125000e-02,0.000000000000000000e+00,1.000000000000000056e-01,0.000000000000000000e+00,-3.046000959589942672e-02,1.248046044330284460e-02,2.798284941152444014e-03,4.587476042788422859e-02,-7.629243155731010514e-03,8.676127331977268042e-01,2.660742360636808926e-02,2.636017508187007280e-02,5.284309479696946976e-02,0.000000000000000000e+00,0.000000000000000000e+00
4.850000000000000533e+00,5.915336608886718750e-01,-1.696475386619567871e+00,2.372478544712066650e-01,1.157219186425209045e-01,9.466059207916259766e-01,9.458973407745361328e-01,8.892798423767089844e-01,0.000000000000000000e+00,2.970457077026367188e-02,0.000000000000000000e+00,4.270076751708984375e-03,0.000000000000000000e+00,1.000000000000000056e-01,0.000000000000000000e+00,-2.657570507752950520e-02,1.054331474713143466e-02,2.606139334315542202e-03,4.561832900026509263e-02,-5.224102828715308615e-03,8.841191350220521938e-01,2.749950879459277589e-02,2.271504726710848326e-02,4.807507792216067499e-02,0.000000000000000000e+00,0.000000000000000000e+00
4.900000000000000355e+00,6.372902393341064453e-01,-1.696475386619567871e+00,2.391626685857772827e-01,1.157219186425209045e-01,9.471067786216735840e-01,9.458973407745361328e-01,9.151315689086914062e-01,0.000000000000000000e+00,3.829628229141235352e-02,0.000000000000000000e+00,1.001715660095214844e-02,0.000000000000000000e+00,1.000000000000000056e-01,0.000000000000000000e+00,-2.278549649291955470e-02,8.955817376442971878e-03,2.575051089760143404e-03,4.798216712121002731e-02,-3.599296593601188695e-03,8.973761571983138730e-01,2.966483865596996478e-02,1.885828964130984234e-02,4.319394444492048041e-02,0.000000000000000000e+00,0.000000000000000000e+00
4.950000000000000178e+00,6.827684044837951660e-01,-1.696475386619567871e+00,2.402613312005996704e-01,1.157219186425209045e-01,9.465366601943969727e-01,9.458973407745361328e-01,9.095633029937744141e-01,0.000000000000000000e+00,2.197325229644775391e-02,0.000000000000000000e+00,-1.140236854553222656e-02,0.000000000000000000e+00,1.000000000000000056e-01,0.000000000000000000e+00,-1.446637941877579325e-02,7.646605159275776491e-03,4.547390368733918511e-03,4.572079698603141035e-02,5.995837145161667147e-04,9.060027929993952345e-01,2.953582047318370138e-02,1.210481855894048747e-02,4.720911857863184513e-02,0.000000000000000000e+00,0.000000000000000000e+00
5.000000000000000000e+00,7.288029193878173828e-01,-1.696475386619567871e+00,2.423363327980041504e-01,1.157219186425209045e-01,9.466467499732971191e-01,9.458973407745361328e-01,9.206902980804443359e-01,0.000000000000000000e+00,4.150003194808959961e-02,0.000000000000000000e+00,2.201795578002929688e-03,0.000000000000000000e+00,1.000000000000000056e-01,0.000000000000000000e+00,-8.946789184774086787e-03,6.859655887935201153e-03,5.093377726996919756e-03,4.866205514204901411e-02,2.760897964886810645e-03,9.126897171410922605e-01,3.137126284825125094e-02,7.123290480076384899e-03,4.860284357908505742e-02,0.000000000000000000e+00,0.000000000000000000e+00
5.050000000000000711e+00,7.753102183341979980e-01,-1.696475386619567871e+00,2.439864724874496460e-01,1.157219186425209045e-01,9.468369483947753906e-01,9.458973407745361328e-01,9.301459789276123047e-01,0.000000000000000000e+00,3.300279378890991211e-02,0.000000000000000000e+00,3.803968429565429688e-03,0.000000000000000000e+00,1.000000000000000056e-01,0.000000000000000000e+00,-5.719834664655198096e-03,5.790628790053179917e-03,4.595868374436278339e-03,4.322136244789576837e-02,4.552213064084751661e-03,9.188375178484469163e-01,3.255676368847913033e-02,4.081885168472697972e-03,4.727664263952163076e-02,0.000000000000000000e+00,0.000000000000000000e+00
5.100000000000000533e+00,8.224039673805236816e-01,-1.696475386619567871e+00,2.452770322561264038e-01,1.157219186425209045e-01,9.471229910850524902e-01,9.458973407745361328e-01,9.418749809265136719e-01,0.000000000000000000e+00,2.581119537353515625e-02,0.000000000000000000e+00,5.720853805541992188e-03,0.000000000000000000e+00,1.000000000000000056e-01,0.000000000000000000e+00,-4.607309928176714711e-03,4.638402771686118455e-03,5.203503593059378464e-03,4.085507126604187578e-02,8.172351622760018475e-03,9.255998223238939282e-01,3.208351538376627565e-02,2.807278966370748471e-03,5.059869677311724934e-02,0.000000000000000000e+00,0.000000000000000000e+00
5.150000000000000355e+00,8.695677518844604492e-01,-1.696475386619567871e+00,2.474190294742584229e-01,1.157219186425209045e-01,9.485479593276977539e-01,9.458973407745361328e-01,9.432756900787353516e-01,0.000000000000000000e+00,4.283994436264038086e-02,0.000000000000000000e+00,2.849936485290527344e-02,0.000000000000000000e+00,1.000000000000000056e-01,0.000000000000000000e+00,-1.016135314105391305e-02,3.584224355452918405e-03,3.717458103137117210e-03,4.475803783688638016e-02,8.406326907791545483e-03,9.318205517800033366e-01,3.355336837774239994e-02,6.245276648603572886e-03,4.498087675762676985e-02,0.000000000000000000e+00,0.000000000000000000e+00
5.200000000000000178e+00,9.075912237167358398e-01,-1.696475386619567871e+00,2.487780898809432983e-01,1.157219186425209045e-01,9.491905570030212402e-01,9.458973407745361328e-01,7.604694366455078125e-01,0.000000000000000000e+00,2.718120813369750977e-02,0.000000000000000000e+00,1.285195350646972656e-02,0.000000000000000000e+00,1.000000000000000056e-01,0.000000000000000000e+00,-1.406522331356157771e-02,2.051743439397179201e-03,1.596886640020868170e-03,4.494450101142742626e-02,1.075772381889783698e-02,9.077403648248062451e-01,3.328294647487262115e-02,9.029887722270745279e-03,4.247081084986138039e-02,0.000000000000000000e+00,0.000000000000000000e+00
5.250000000000000000e+00,9.649854302406311035e-01,-1.696475386619567871e+00,2.509112656116485596e-01,1.157219186425209045e-01,9.512460827827453613e-01,9.458973407745361328e-01,1.147884130477905273e+00,0.000000000000000000e+00,4.266351461410522461e-02,0.000000000000000000e+00,4.111051559448242188e-02,0.000000000000000000e+00,1.000000000000000056e-01,0.000000000000000000e+00,-2.382529713508545199e-02,7.363510839961595264e-04,1.308750225163765038e-03,4.543186931505713289e-02,1.125822469802461624e-02,9.337350407976655609e-01,3.463660335355969039e-02,1.553136733373320852e-02,3.604750041658470738e-02,0.000000000000000000e+00,0.000000000000000000e+00
5.300000000000000711e+00,1.013363003730773926e+00,-1.696475386619567871e+00,2.527001500129699707e-01,1.157219186425209045e-01,9.526499509811401367e-01,9.458973407745361328e-01,9.675514698028564453e-01,0.000000000000000000e+00,3.577768802642822266e-02,0.000000000000000000e+00,2.807736396789550781e-02,0.000000000000000000e+00,1.000000000000000056e-01,0.000000000000000000e+00,-3.143651225149672601e-02,-7.572682562233057704e-04,2.731650766602959027e-03,3.922361669589997935e-02,1.146676305153364328e-02,9.522261093670656429e-01,3.550104354827527536e-02,2.080556373827264702e-02,2.774200073038896736e-02,0.000000000000000000e+00,0.000000000000000000e+00
5.350000000000000533e+00,1.052066445350646973e+00,-1.696475386619567871e+00,2.542428672313690186e-01,1.157219186425209045e-01,9.537630081176757812e-01,9.458973407745361328e-01,7.740688323974609375e-01,0.000000000000000000e+00,3.085434436798095703e-02,0.000000000000000000e+00,2.226114273071289062e-02,0.000000000000000000e+00,1.000000000000000056e-01,0.000000000000000000e+00,-3.601018189417812265e-02,-2.192290338578984244e-03,1.834325000350971136e-03,4.354237344484261640e-02,1.161882593311088299e-02,9.332574381140424924e-01,3.519917227278590577e-02,2.369861333584388774e-02,1.962651278786747833e-02,0.000000000000000000e+00,0.000000000000000000e+00
5.400000000000000355e+00,1.110618472099304199e+00,-1.696475386619567871e+00,2.562119662761688232e-01,1.157219186425209045e-01,9.537407159805297852e-01,9.458973407745361328e-01,1.171040534973144531e+00,0.000000000000000000e+00,3.938198089599609375e-02,0.000000000000000000e+00,-4.458427429199218750e-04,0.000000000000000000e+00,1.000000000000000056e-01,0.000000000000000000e+00,-3.329134442965867025e-02,-3.426246426196408439e-03,6.464140745260878347e-03,4.058466152362924517e-02,1.125505483106641405e-02,9.614568364629616504e-01,3.571127494755979570e-02,2.132327163697758307e-02,1.125725465508500833e-02,0.000000000000000000e+00,0.000000000000000000e+00
5.450000000000000178e+00,1.159904360771179199e+00,-1.696475386619567871e+00,2.579337358474731445e-01,1.157219186425209045e-01,9.534820318222045898e-01,9.458973407745361328e-01,9.857177734375000000e-01,0.000000000000000000e+00,3.443539142608642578e-02,0.000000000000000000e+00,-5.173683166503906250e-03,0.000000000000000000e+00,1.000000000000000056e-01,0.000000000000000000e+00,-2.685966728182684338e-02,-4.444923844372118162e-03,8.717898834652421797e-03,4.466138243642006622e-02,1.111131047859226402e-02,9.795426799354096659e-01,3.576704872797863838e-02,1.591533131089648348e-02,4.788447434212072043e-03,0.000000000000000000e+00,0.000000000000000000e+00
5.500000000000000000e+00,1.208753943443298340e+00,-1.696475386619567871e+00,2.589049935340881348e-01,1.157219186425209045e-01,9.521390199661254883e-01,9.458973407745361328e-01,9.769916534423828125e-01,0.000000000000000000e+00,1.942515373229980469e-02,0.000000000000000000e+00,-2.686023712158203125e-02,0.000000000000000000e+00,1.000000000000000056e-01,0.000000000000000000e+00,-1.450076752256408870e-02,-5.266195202735797325e-03,1.263014787030803526e-02,3.798335940611942407e-02,8.741640300274270900e-03,9.882651562959678948e-01,3.319923058869955756e-02,6.390959523357844785e-03,-6.765552095765726276e-03,0.000000000000000000e+00,0.000000000000000000e+00
5.550000000000000711e+00,1.258651971817016602e+00,-1.696475386619567871e+00,2.601349949836730957e-01,1.157219186425209045e-01,9.507075548171997070e-01,9.458973407745361328e-01,9.979605674743652344e-01,0.000000000000000000e+00,2.460002899169921875e-02,0.000000000000000000e+00,-2.862930297851562500e-02,0.000000000000000000e+00,1.000000000000000056e-01,0.000000000000000000e+00,-1.080440231521270257e-03,-6.123237620759504687e-03,2.078003799787929082e-02,5.138513818310821296e-02,7.793066376306808166e-03,9.942074386820187737e-01,3.053726960861332870e-02,-3.978970388049481513e-03,-1.453567545222535576e-02,0.000000000000000000e+00,0.000000000000000000e+00
5.600000000000000533e+00,1.299381971359252930e+00,-1.696475386619567871e+00,2.607454657554626465e-01,1.157219186425209045e-01,9.498333930969238281e-01,9.458973407745361328e-01,8.145999908447265625e-01,0.000000000000000000e+00,1.220941543579101562e-02,0.000000000000000000e+00,-1.748323440551757812e-02,0.000000000000000000e+00,1.000000000000000056e-01,0.000000000000000000e+00,8.301012835366352455e-03,-6.546593809952150345e-03,2.269766379682790214e-02,4.708258209958694762e-02,5.302642950274306932e-03,9.686751757202323176e-01,2.628236572970809454e-02,-1.135775294334829578e-02,-2.406037185093531233e-02,0.000000000000000000e+00,0.000000000000000000e+00
5.650000000000000355e+00,1.360046982765197754e+00,-1.696475386619567871e+00,2.610600590705871582e-01,1.157219186425209045e-01,9.485552310943603516e-01,9.458973407745361328e-01,1.213300228118896484e+00,0.000000000000000000e+00,6.291866302490234375e-03,0.000000000000000000e+00,-2.556324005126953125e-02,0.000000000000000000e+00,1.000000000000000056e-01,0.000000000000000000e+00,1.656693045065451425e-02,-6.869250568264630152e-03,2.280818702205958740e-02,4.846545578260107873e-02,2.735358985243429610e-03,9.946488736428972244e-01,2.095940507141202253e-02,-1.733832978239076630e-02,-3.320174123707162611e-02,0.000000000000000000e+00,0.000000000000000000e+00
5.700000000000000178e+00,1.410894274711608887e+00,-1.696475386619567871e+00,2.606872916221618652e-01,1.157219186425209045e-01,9.472163319587707520e-01,9.458973407745361328e-01,1.016945838928222656e+00,0.000000000000000000e+00,-7.455348968505859375e-03,0.000000000000000000e+00,-2.677798271179199219e-02,0.000000000000000000e+00,1.000000000000000056e-01,0.000000000000000000e+00,2.324515475504019060e-02,-6.605592450004440369e-03,1.804581653260161830e-02,3.485528690827674470e-02,5.228648779803982474e-03,1.011299448194183270e+00,1.375918655515418615e-02,-2.185617915320744314e-02,-2.461971902582774097e-02,0.000000000000000000e+00,0.000000000000000000e+00
5.750000000000000000e+00,1.460563540458679199e+00,-1.696475386619567871e+00,2.602196931838989258e-01,1.157219186425209045e-01,9.435252547264099121e-01,9.458973407745361328e-01,9.933853149414062500e-01,0.000000000000000000e+00,-9.351968765258789062e-03,0.000000000000000000e+00,-7.382154464721679688e-02,0.000000000000000000e+00,1.000000000000000056e-01,0.000000000000000000e+00,3.947918024773094947e-02,-5.343193127414088382e-03,2.858603478565130765e-02,-2.670166753985498548e-02,3.235362344021905888e-03,1.016857078327851660e+00,6.454032732679664507e-03,-3.239116338014128016e-02,-2.271035315931026199e-02,0.000000000000000000e+00,0.000000000000000000e+00
5.800000000000000711e+00,1.514324665069580078e+00,-1.696475386619567871e+00,2.606214582920074463e-01,1.157219186425209045e-01,9.458128213882446289e-01,9.458973407745361328e-01,1.075222492218017578e+00,0.000000000000000000e+00,8.035302162170410156e-03,0.000000000000000000e+00,4.575133323669433594e-02,0.000000000000000000e+00,1.000000000000000056e-01,0.000000000000000000e+00,2.877500981039228176e-02,-4.186509815047941181e-03,5.870138350240848915e-03,4.010875383985049863e-02,9.584962623550000518e-03,1.028933497678718778e+00,3.018396319247211579e-03,-2.529484215187203025e-02,2.034018946482300805e-03,0.000000000000000000e+00,0.000000000000000000e+00
5.850000000000000533e+00,1.564772129058837891e+00,-1.696475386619567871e+00,2.609103620052337646e-01,1.157219186425209045e-01,9.450792670249938965e-01,9.458973407745361328e-01,1.008949279785156250e+00,0.000000000000000000e+00,5.778074264526367188e-03,0.000000000000000000e+00,-1.467108726501464844e-02,0.000000000000000000e+00,1.000000000000000056e-01,0.000000000000000000e+00,2.365417051173353269e-02,-2.116167540160717765e-03,9.365641349774021449e-03,2.094573197653851193e-02,1.002479851024658773e-02,1.031853764556166730e+00,1.722854794184585292e-03,-2.002579081999633637e-02,1.559649505431172714e-02,0.000000000000000000e+00,0.000000000000000000e+00
5.900000000000000355e+00,1.617724180221557617e+00,-1.696475386619567871e+00,2.597922086715698242e-01,1.157219186425209045e-01,9.455530643463134766e-01,9.458973407745361328e-01,1.059041023254394531e+00,0.000000000000000000e+00,-2.236306667327880859e-02,0.000000000000000000e+00,9.475946426391601562e-03,0.000000000000000000e+00,1.000000000000000056e-01,0.000000000000000000e+00,1.477562749706332404e-02,-1.064486170794963146e-03,4.596069807571130997e-03,3.925070066603111862e-02,1.521926520917522667e-02,1.037646379469139957e+00,-2.757121908612076601e-03,-1.268010867596195204e-02,3.646694239733931642e-02,0.000000000000000000e+00,0.000000000000000000e+00
5.950000000000000178e+00,1.669587254524230957e+00,-1.696475386619567871e+00,2.603357434272766113e-01,1.157219186425209045e-01,9.455761909484863281e-01,9.458973407745361328e-01,1.037261486053466797e+00,0.000000000000000000e+00,1.087069511413574219e-02,0.000000000000000000e+00,4.625320434570312500e-04,0.000000000000000000e+00,1.000000000000000056e-01,0.000000000000000000e+00,8.178913937689560876e-03,-1.177552822900079788e-06,6.478332926124201474e-03,3.539254035235796236e-02,1.958073536277672028e-02,1.040508703478586927e+00,-2.853288414848019049e-03,-6.885074054615612955e-03,5.506380784333720496e-02,0.000000000000000000e+00,0.000000000000000000e+00
6.000000000000000000e+00,1.722249984741210938e+00,-1.696475386619567871e+00,2.595792114734649658e-01,1.157219186425209045e-01,9.443555474281311035e-01,9.458973407745361328e-01,1.053254604339599609e+00,0.000000000000000000e+00,-1.513063907623291016e-02,0.000000000000000000e+00,-2.441287040710449219e-02,0.000000000000000000e+00,1.000000000000000056e-01,0.000000000000000000e+00,9.438692886110577537e-03,3.775503389494960088e-04,1.499035821842548306e-02,2.925128063448128798e-02,2.401376825845256968e-02,1.043978015675349535e+00,-4.852122136897988117e-03,-6.744738247531620323e-03,6.978640624477720766e-02,0.000000000000000000e+00,0.000000000000000000e+00
6.050000000000000711e+00,1.771070480346679688e+00,-1.696475386619567871e+00,2.569127082824707031e-01,1.157219186425209045e-01,9.420818686485290527e-01,9.458973407745361328e-01,9.764099121093750000e-01,0.000000000000000000e+00,-5.333006381988525391e-02,0.000000000000000000e+00,-4.547357559204101562e-02,0.000000000000000000e+00,1.000000000000000056e-01,0.000000000000000000e+00,1.897608545900411961e-02,1.833150210579535117e-03,1.786729391246209483e-02,3.762487289537942703e-02,5.781026014485050879e-02,1.034995510500617666e+00,-1.356179901019418516e-02,-1.282612210373455970e-02,1.735047109110422481e-01,0.000000000000000000e+00,0.000000000000000000e+00
6.100000000000000533e+00,1.823778629302978516e+00,-1.696475386619567871e+00,2.577430605888366699e-01,1.157219186425209045e-01,9.390797019004821777e-01,9.458973407745361328e-01,1.054162979125976562e+00,0.000000000000000000e+00,1.660704612731933594e-02,0.000000000000000000e+00,-6.004333496093750000e-02,0.000000000000000000e+00,1.000000000000000056e-01,0.000000000000000000e+00,3.444881551349297105e-02,5.865657594380627865e-03,1.590541238175179409e-02,3.748643067105792565e-02,5.567968127499919179e-02,1.033506962830542442e+00,-1.316504670133634806e-02,-2.339594361477043832e-02,1.915193184644812807e-01,0.000000000000000000e+00,0.000000000000000000e+00
6.150000000000000355e+00,1.875458240509033203e+00,-1.696475386619567871e+00,2.585400044918060303e-01,1.157219186425209045e-01,9.346197843551635742e-01,9.458973407745361328e-01,1.033592224121093750e+00,0.000000000000000000e+00,1.593887805938720703e-02,0.000000000000000000e+00,-8.919835090637207031e-02,0.000000000000000000e+00,1.000000000000000056e-01,0.000000000000000000e+00,5.753121341541239664e-02,2.566561957083240975e-03,1.331185985149821970e-02,2.750186976428793673e-02,6.031837898704239115e-02,1.032769254111896018e+00,-8.341551334295456768e-03,-3.918335001934358103e-02,1.849250397522256562e-01,0.000000000000000000e+00,0.000000000000000000e+00
6.200000000000000178e+00,1.928650140762329102e+00,-1.696475386619567871e+00,2.602602541446685791e-01,1.157219186425209045e-01,9.292594790458679199e-01,9.458973407745361328e-01,1.063838005065917969e+00,0.000000000000000000e+00,3.440499305725097656e-02,0.000000000000000000e+00,-1.072061061859130859e-01,0.000000000000000000e+00,1.000000000000000056e-01,0.000000000000000000e+00,8.504541172685269046e-02,-2.935616356175906744e-03,8.978925360662172450e-03,2.303665219838260322e-02,6.017502197958107812e-02,1.037332319571115935e+00,8.832472819315095869e-04,-5.795672118747754314e-02,1.517655466104712580e-01,0.000000000000000000e+00,0.000000000000000000e+00
6.250000000000000000e+00,1.983653306961059570e+00,-1.696475386619567871e+00,2.623303532600402832e-01,1.157219186425209045e-01,9.272770285606384277e-01,9.458973407745361328e-01,1.100063323974609375e+00,0.000000000000000000e+00,4.140198230743408203e-02,0.000000000000000000e+00,-3.964900970458984375e-02,0.000000000000000000e+00,1.000000000000000056e-01,0.000000000000000000e+00,9.479421070270600824e-02,-9.722601617499847249e-03,1.768353614385918945e-03,3.099346905683130274e-02,6.137783454875642836e-02,1.049600282795942530e+00,1.197543745401598476e-02,-6.452318092583775311e-02,1.147432713721950603e-01,0.000000000000000000e+00,0.000000000000000000e+00
6.300000000000000711e+00,2.039280891418457031e+00,-1.696475386619567871e+00,2.671132981777191162e-01,1.157219186425209045e-01,9.225721359252929688e-01,9.458973407745361328e-01,1.112551689147949219e+00,0.000000000000000000e+00,9.565889835357666016e-02,0.000000000000000000e+00,-9.409785270690917969e-02,0.000000000000000000e+00,1.000000000000000056e-01,0.000000000000000000e+00,1.093464515817921118e-01,-1.699997275775168987e-02,1.080782412965996912e-02,1.794755207107557801e-02,4.378847647873722326e-02,1.065791830300124365e+00,3.086694445933139269e-02,-7.253523596965211206e-02,2.194858561196671998e-02,0.000000000000000000e+00,0.000000000000000000e+00
6.350000000000000533e+00,2.099139213562011719e+00,-1.696475386619567871e+00,2.741656899452209473e-01,1.157219186425209045e-01,9.149402976036071777e-01,9.458973407745361328e-01,1.197166442871093750e+00,0.000000000000000000e+00,1.410478353500366211e-01,0.000000000000000000e+00,-1.526367664337158203e-01,0.000000000000000000e+00,1.000000000000000056e-01,0.000000000000000000e+00,1.372275894417419040e-01,-2.739699981243249802e-02,-8.567411848168627816e-03,1.954616029712511957e-02,1.203056197596373209e-02,1.094832828222353172e+00,5.790388470833029988e-02,-8.930323241460086381e-02,-1.292675166592834879e-01,0.000000000000000000e+00,0.000000000000000000e+00
6.400000000000000355e+00,2.152086496353149414e+00,-1.696475386619567871e+00,2.769326567649841309e-01,1.157219186425209045e-01,9.148389101028442383e-01,9.458973407745361328e-01,1.058945655822753906e+00,0.000000000000000000e+00,5.533933639526367188e-02,0.000000000000000000e+00,-2.027750015258789062e-03,0.000000000000000000e+00,1.000000000000000056e-01,0.000000000000000000e+00,1.312218765216263960e-01,-3.645607403942759117e-02,-3.004774696958847826e-03,1.053981073670935513e-02,1.710706118233297143e-02,1.103788682123098219e+00,7.114172795678078143e-02,-8.390183389715133444e-02,-1.689215512060807944e-01,0.000000000000000000e+00,0.000000000000000000e+00
6.450000000000000178e+00,2.208640813827514648e+00,-1.696475386619567871e+00,2.812458574771881104e-01,1.157219186425209045e-01,9.131738543510437012e-01,9.458973407745361328e-01,1.131086349487304688e+00,0.000000000000000000e+00,8.626401424407958984e-02,0.000000000000000000e+00,-3.330111503601074219e-02,0.000000000000000000e+00,1.000000000000000056e-01,0.000000000000000000e+00,1.209540532061025575e-01,-3.627582791101744558e-02,-6.555098315169766675e-03,3.418278823997069477e-02,1.341121562926013335e-03,1.112644926703731718e+00,8.022494159016073378e-02,-7.313771148450243231e-02,-2.121901911011944697e-01,0.000000000000000000e+00,0.000000000000000000e+00
6.500000000000000000e+00,2.261669158935546875e+00,-1.696475386619567871e+00,2.868981063365936279e-01,1.157219186425209045e-01,9.120520949363708496e-01,9.458973407745361328e-01,1.060566902160644531e+00,0.000000000000000000e+00,1.130449771881103516e-01,0.000000000000000000e+00,-2.243518829345703125e-02,0.000000000000000000e+00,1.000000000000000056e-01,0.000000000000000000e+00,1.069680028311837117e-01,-3.361052251673764257e-02,-1.761795017609248289e-03,2.312584631373528626e-02,1.230608508323032847e-02,1.108841796522212375e+00,9.002271043972628894e-02,-5.965091246069532255e-02,-1.654837797530594734e-01,0.000000000000000000e+00,0.000000000000000000e+00
6.550000000000000711e+00,2.317326307296752930e+00,-1.696475386619567871e+00,2.912623584270477295e-01,1.157219186425209045e-01,9.140912294387817383e-01,9.458973407745361328e-01,1.113142967224121094e+00,0.000000000000000000e+00,8.728504180908203125e-02,0.000000000000000000e+00,4.078269004821777344e-02,0.000000000000000000e+00,1.000000000000000056e-01,0.000000000000000000e+00,7.879372577255180921e-02,-2.567925389386954693e-02,-7.547983613882386193e-03,1.450979817552100308e-02,5.058160843589603467e-03,1.107605656602461242e+00,9.453264277782087721e-02,-3.689005619478327030e-02,-1.386510808089076174e-01,0.000000000000000000e+00,0.000000000000000000e+00
6.600000000000000533e+00,2.360725402832031250e+00,-1.696475386619567871e+00,2.953200936317443848e-01,1.157219186425209045e-01,9.139508008956909180e-01,9.458973407745361328e-01,8.679819107055664062e-01,0.000000000000000000e+00,8.115470409393310547e-02,0.000000000000000000e+00,-2.808570861816406250e-03,0.000000000000000000e+00,1.000000000000000056e-01,0.000000000000000000e+00,5.979617917496467261e-02,-1.987116351309279119e-02,-3.354279150230934405e-03,9.030023400342861162e-03,2.343016433731093858e-03,1.068916730593721720e+00,9.468362158431363473e-02,-1.998895386483956829e-02,-1.117099263947437249e-01,0.000000000000000000e+00,0.000000000000000000e+00
6.650000000000000355e+00,2.424943447113037109e+00,-1.696475386619567871e+00,3.026705682277679443e-01,1.157219186425209045e-01,9.174609184265136719e-01,9.458973407745361328e-01,1.284360885620117188e+00,0.000000000000000000e+00,1.470094919204711914e-01,0.000000000000000000e+00,7.020235061645507812e-02,0.000000000000000000e+00,1.000000000000000056e-01,0.000000000000000000e+00,2.980304135070535945e-02,-1.500333394431149076e-02,-8.232346264939754575e-04,3.376695194373720548e-03,-4.137467795986216751e-03,1.083614926613611695e+00,1.030719642530424085e-01,2.868037283563305145e-03,-1.009564762580123370e-01,0.000000000000000000e+00,0.000000000000000000e+00
6.700000000000000178e+00,2.486661195755004883e+00,-1.696475386619567871e+00,3.130601346492767334e-01,1.157219186425209045e-01,9.200843572616577148e-01,9.458973407745361328e-01,1.234354972839355469e+00,0.000000000000000000e+00,2.077913284301757812e-01,0.000000000000000000e+00,5.246877670288085938e-02,0.000000000000000000e+00,1.000000000000000056e-01,0.000000000000000000e+00,4.742870328348934572e-03,-1.188864609495071147e-02,-1.577183088673565423e-02,5.281327533101665139e-02,-1.215145379409235220e-02,1.114978513426858608e+00,1.239404967029877763e-01,2.228294494298781181e-02,-1.049530368811579933e-01,0.000000000000000000e+00,0.000000000000000000e+00
6.750000000000000000e+00,2.537532567977905273e+00,-1.696475386619567871e+00,3.187432587146759033e-01,1.157219186425209045e-01,9.210302233695983887e-01,9.458973407745361328e-01,1.017427444458007812e+00,0.000000000000000000e+00,1.136624813079833984e-01,0.000000000000000000e+00,1.891732215881347656e-02,0.000000000000000000e+00,1.000000000000000056e-01,0.000000000000000000e+00,-6.859019763830194460e-03,-1.043418634668785185e-02,-1.094239666919699259e-03,1.160015253659395229e-02,-2.859895421360306514e-02,1.115311027875824035e+00,1.328399050604346099e-01,3.154678316889693995e-02,-1.425527481097070004e-01,0.000000000000000000e+00,0.000000000000000000e+00
6.800000000000000711e+00,2.596794128417968750e+00,-1.696475386619567871e+00,3.289257287979125977e-01,1.157219186425209045e-01,9.241632223129272461e-01,9.458973407745361328e-01,1.185231208801269531e+00,0.000000000000000000e+00,2.036494016647338867e-01,0.000000000000000000e+00,6.265997886657714844e-02,0.000000000000000000e+00,1.000000000000000056e-01,0.000000000000000000e+00,-2.140451179134967435e-02,-9.852019607521153230e-03,-8.030668105519713981e-03,2.661204767670343613e-02,-2.915584568295382165e-02,1.126585906548289717e+00,1.485796667410913263e-01,4.116457373904054695e-02,-1.406531727134169019e-01,0.000000000000000000e+00,0.000000000000000000e+00
6.850000000000000533e+00,2.639814615249633789e+00,-1.696475386619567871e+00,3.358952701091766357e-01,1.157219186425209045e-01,9.231547117233276367e-01,9.458973407745361328e-01,8.604097366333007812e-01,0.000000000000000000e+00,1.393908262252807617e-01,0.000000000000000000e+00,-2.017021179199218750e-02,0.000000000000000000e+00,1.000000000000000056e-01,0.000000000000000000e+00,-1.468926872884118023e-02,-5.739625329998178024e-03,7.197486178533339055e-04,4.082180573152944733e-03,-2.591772896599178061e-02,1.089993202369075265e+00,1.550636630855339593e-01,3.627531851142579838e-02,-1.070635155147743878e-01,0.000000000000000000e+00,0.000000000000000000e+00
6.900000000000000355e+00,2.714373588562011719e+00,-1.696475386619567871e+00,3.497120738029479980e-01,1.157219186425209045e-01,9.246227741241455078e-01,9.458973407745361328e-01,1.491179466247558594e+00,0.000000000000000000e+00,2.763360738754272461e-01,0.000000000000000000e+00,2.936124801635742188e-02,0.000000000000000000e+00,1.000000000000000056e-01,0.000000000000000000e+00,-1.235311426345076305e-02,1.795226052374726544e-04,-1.914567729137545138e-02,4.386188597137883477e-02,-2.240964237220667218e-02,1.135255113442293018e+00,1.776006026855675990e-01,3.270944402033461318e-02,-6.195836126198418781e-02,0.000000000000000000e+00,0.000000000000000000e+00
6.950000000000000178e+00,2.769856452941894531e+00,-1.696475386619567871e+00,3.598529398441314697e-01,1.157219186425209045e-01,9.218301773071289062e-01,9.458973407745361328e-01,1.109657287597656250e+00,0.000000000000000000e+00,2.028173208236694336e-01,0.000000000000000000e+00,-5.585193634033203125e-02,0.000000000000000000e+00,1.000000000000000056e-01,0.000000000000000000e+00,8.882485353589944510e-03,4.156506519901473351e-03,-1.040771916443572302e-02,4.715822454615194170e-02,-4.690441384583754481e-02,1.154031972621901936e+00,1.929804979497083406e-01,1.684150700173830603e-02,-1.071735951262713371e-01,0.000000000000000000e+00,0.000000000000000000e+00
7.000000000000000000e+00,2.821791172027587891e+00,-1.696475386619567871e+00,3.682110607624053955e-01,1.157219186425209045e-01,9.175226688385009766e-01,9.458973407745361328e-01,1.038694381713867188e+00,0.000000000000000000e+00,1.671624183654785156e-01,0.000000000000000000e+00,-8.615016937255859375e-02,0.000000000000000000e+00,1.000000000000000056e-01,0.000000000000000000e+00,4.151661696384389283e-02,2.657205200847449073e-03,7.810171838538026989e-02,-8.502976425435056218e-02,-5.549299517650149727e-02,1.145186660902776321e+00,1.966412617618125414e-01,-7.527440910696295978e-03,-1.402548206381986906e-01,0.000000000000000000e+00,0.000000000000000000e+00
7.050000000000000711e+00,2.881589651107788086e+00,-1.696475386619567871e+00,3.783357739448547363e-01,1.157219186425209045e-01,9.202080965042114258e-01,9.458973407745361328e-01,1.195969581604003906e+00,0.000000000000000000e+00,2.024942636489868164e-01,0.000000000000000000e+00,5.370855331420898438e-02,0.000000000000000000e+00,1.000000000000000056e-01,0.000000000000000000e+00,4.131001509788082005e-02,2.784919879099560791e-03,1.057073736627239108e-01,-1.246985090023951803e-01,-6.872484369571590923e-02,1.148789577049925237e+00,1.994185764464138366e-01,-1.009861729334633057e-02,-1.767090665472949851e-01,0.000000000000000000e+00,0.000000000000000000e+00
7.100000000000000533e+00,2.939616680145263672e+00,-1.696475386619567871e+00,3.888471722602844238e-01,1.157219186425209045e-01,9.221097826957702637e-01,9.458973407745361328e-01,1.160540580749511719e+00,0.000000000000000000e+00,2.102279663085937500e-01,0.000000000000000000e+00,3.803372383117675781e-02,0.000000000000000000e+00,1.000000000000000056e-01,0.000000000000000000e+00,3.190237236747574257e-02,4.674292393002273116e-03,4.895239096138828683e-02,-9.038863597681115816e-03,-6.440397914145107316e-02,1.152474614667561292e+00,2.025373639540329895e-01,-3.750271435783532857e-03,-1.533085706223243083e-01,0.000000000000000000e+00,0.000000000000000000e+00
7.150000000000000355e+00,2.998106002807617188e+00,-1.696475386619567871e+00,3.986800611019134521e-01,1.157219186425209045e-01,9.239817261695861816e-01,9.458973407745361328e-01,1.169786453247070312e+00,0.000000000000000000e+00,1.966577768325805664e-01,0.000000000000000000e+00,3.743886947631835938e-02,0.000000000000000000e+00,1.000000000000000056e-01,0.000000000000000000e+00,1.867627756207677209e-02,1.126217911865763123e-02,4.066144755655788645e-02,5.246346736928211851e-03,-5.602057673645274849e-02,1.157084455886891350e+00,2.031773871465586689e-01,5.996702635656914714e-03,-9.051036571819828791e-02,0.000000000000000000e+00,0.000000000000000000e+00
7.200000000000000178e+00,3.050612926483154297e+00,-1.696475386619567871e+00,4.055453538894653320e-01,1.157219186425209045e-01,9.274548292160034180e-01,9.458973407745361328e-01,1.050138473510742188e+00,0.000000000000000000e+00,1.373058557510375977e-01,0.000000000000000000e+00,6.946206092834472656e-02,0.000000000000000000e+00,1.000000000000000056e-01,0.000000000000000000e+00,-2.367356855834258644e-03,2.025855057964057182e-02,3.764563415226904880e-02,1.634987181696255162e-02,-3.548404229663281589e-02,1.142422250307237652e+00,1.930364789338575582e-01,2.099757915373671666e-02,2.080703549151373399e-02,0.000000000000000000e+00,0.000000000000000000e+00
7.250000000000000000e+00,3.065355539321899414e+00,-1.696475386619567871e+00,4.015250205993652344e-01,1.157219186425209045e-01,9.338105916976928711e-01,9.458973407745361328e-01,2.948522567749023438e-01,0.000000000000000000e+00,-8.040666580200195312e-02,0.000000000000000000e+00,1.271152496337890625e-01,0.000000000000000000e+00,1.000000000000000056e-01,0.000000000000000000e+00,-3.744924682693975826e-02,3.912457013329039002e-02,-5.209361625887590913e-02,2.084051499603214730e-01,1.275587434323837699e-01,1.000382981112238667e+00,1.444810910661772363e-01,4.542550664491421669e-02,5.916805734304348974e-01,0.000000000000000000e+00,0.000000000000000000e+00
7.300000000000000711e+00,3.068077564239501953e+00,-1.696475386619567871e+00,4.013748764991760254e-01,1.157219186425209045e-01,9.354846477508544922e-01,9.458973407745361328e-01,5.444049835205078125e-02,0.000000000000000000e+00,-3.002882003784179688e-03,0.000000000000000000e+00,3.348112106323242188e-02,0.000000000000000000e+00,1.000000000000000056e-01,0.000000000000000000e+00,-5.122089380393542862e-02,7.321420380778431714e-02,-4.060551319781049995e-02,1.927341115922024395e-01,1.517631893593437420e-01,7.784311731059166961e-01,9.654741012363229902e-02,5.585659179100143507e-02,8.627025300754971315e-01,0.000000000000000000e+00,0.000000000000000000e+00
7.350000000000000533e+00,3.068077564239501953e+00,-1.696475386619567871e+00,4.013748764991760254e-01,1.157219186425209045e-01,9.354846477508544922e-01,9.458973407745361328e-01,0.000000000000000000e+00,0.000000000000000000e+00,0.000000000000000000e+00,0.000000000000000000e+00,0.000000000000000000e+00,0.000000000000000000e+00,0.000000000000000000e+00,0.000000000000000000e+00,0.000000000000000000e+00,0.000000000000000000e+00,-4.060551319781049995e-02,1.927341115922024395e-01,1.517631893593437420e-01,5.427581829606702435e-01,5.701894659729789955e-02,5.224802693250934355e-02,8.624408931475611162e-01,0.000000000000000000e+00,0.000000000000000000e+00
