0.000000000000000000e+00,1.347272753715515137e+00,1.347272753715515137e+00,1.127987861633300781e+00,1.127987861633300781e+00,9.610407948493957520e-01,9.610407948493957520e-01,0.000000000000000000e+00,0.000000000000000000e+00,0.000000000000000000e+00,1.000000000000000000e+00,0.000000000000000000e+00,0.000000000000000000e+00,0.000000000000000000e+00,1.886700000000000044e-01,0.000000000000000000e+00,-7.504165196863501475e-01,9.266857584225803024e-03,-9.522857515395810254e-03,1.588437219744973206e+00,0.000000000000000000e+00,0.000000000000000000e+00,0.000000000000000000e+00,0.000000000000000000e+00,0.000000000000000000e+00,0.000000000000000000e+00
5.000000000000000278e-02,1.347272753715515137e+00,1.347272753715515137e+00,1.127987861633300781e+00,1.127987861633300781e+00,9.610407948493957520e-01,9.610407948493957520e-01,0.000000000000000000e+00,0.000000000000000000e+00,0.000000000000000000e+00,1.000000000000000000e+00,0.000000000000000000e+00,0.000000000000000000e+00,0.000000000000000000e+00,1.910095080000000223e-01,0.000000000000000000e+00,-7.504165196863501475e-01,9.266857584225803024e-03,-9.522857515395810254e-03,1.588437219744973206e+00,0.000000000000000000e+00,0.000000000000000000e+00,0.000000000000000000e+00,0.000000000000000000e+00,0.000000000000000000e+00,0.000000000000000000e+00
1.000000000000000056e-01,1.348011612892150879e+00,1.347272753715515137e+00,1.126805543899536133e+00,1.127987861633300781e+00,9.606962800025939941e-01,9.610407948493957520e-01,1.477718353271484375e-02,0.000000000000000000e+00,-2.364635467529296875e-02,1.000000000000000000e+00,-6.890296936035156250e-03,0.000000000000000000e+00,-1.242187308582760105e-03,1.955445955476093622e-01,4.244773091623106100e-03,-7.425951938723095447e-01,1.438539892401635538e-02,-1.150960528693967255e-02,1.595060541788890340e+00,7.272333637273931291e-03,-1.163714182227861514e-02,-3.390939692113853141e-03,6.519105292810467578e-02,0.000000000000000000e+00,0.000000000000000000e+00
1.500000000000000222e-01,1.348565816879272461e+00,1.347272753715515137e+00,1.125856161117553711e+00,1.127987861633300781e+00,9.596482515335083008e-01,9.610407948493957520e-01,1.108407974243164062e-02,0.000000000000000000e+00,-1.898765563964843750e-02,1.000000000000000000e+00,-2.096056938171386719e-02,0.000000000000000000e+00,-1.594666117860943019e-03,1.985867870500055421e-01,1.207803771658603857e-02,-7.422282990765853850e-01,1.969801864369118138e-02,-1.408825840315073435e-02,1.599521916330286953e+00,9.266818912413835041e-03,-1.521724632222997212e-02,-9.225847083931057110e-03,7.992291584299412999e-02,0.000000000000000000e+00,0.000000000000000000e+00
2.000000000000000111e-01,1.348760247230529785e+00,1.347272753715515137e+00,1.124035835266113281e+00,1.127987861633300781e+00,9.586659669876098633e-01,9.610407948493957520e-01,3.888607025146484375e-03,0.000000000000000000e+00,-3.640651702880859375e-02,1.000000000000000000e+00,-1.964569091796875000e-02,0.000000000000000000e+00,-1.475556972860075098e-03,2.020104850151191456e-01,1.731321607295700782e-02,-7.451283291646354501e-01,2.141548252826126417e-02,-9.241019967249169270e-03,1.598124545244511863e+00,8.481464625686200090e-03,-2.077504086086733731e-02,-1.283647531492696642e-02,5.872796387339394852e-02,0.000000000000000000e+00,0.000000000000000000e+00
2.500000000000000000e-01,1.350347518920898438e+00,1.347272753715515137e+00,1.122795939445495605e+00,1.127987861633300781e+00,9.565582871437072754e-01,9.610407948493957520e-01,3.174543380737304688e-02,0.000000000000000000e+00,-2.479791641235351562e-02,1.000000000000000000e+00,-4.215359687805175781e-02,0.000000000000000000e+00,-2.184898894714276847e-03,2.048685825627407364e-01,2.721790671471434331e-02,-7.481581138811167486e-01,1.885529806520309937e-02,-1.316149232376433512e-02,1.597587699523111526e+00,1.255370332139151349e-02,-2.326608964089200635e-02,-1.941204230476259104e-02,3.918076693650265896e-02,0.000000000000000000e+00,0.000000000000000000e+00
3.000000000000000444e-01,1.350942134857177734e+00,1.347272753715515137e+00,1.121911168098449707e+00,1.127987861633300781e+00,9.545785188674926758e-01,9.610407948493957520e-01,1.189231872558593750e-02,0.000000000000000000e+00,-1.769542694091796875e-02,1.000000000000000000e+00,-3.959536552429199219e-02,0.000000000000000000e+00,-2.461872760850506228e-03,2.072725015664449444e-01,3.630827239672947127e-02,-7.503665202835955172e-01,1.147096986998402852e-02,-1.285781707545807263e-02,1.599742357304919649e+00,1.405597505328732948e-02,-2.331898517733445655e-02,-2.540046953980526490e-02,3.209336249841497624e-02,0.000000000000000000e+00,0.000000000000000000e+00
3.500000000000000333e-01,1.353096604347229004e+00,1.347272753715515137e+00,1.120293855667114258e+00,1.127987861633300781e+00,9.523602128028869629e-01,9.610407948493957520e-01,4.308938980102539062e-02,0.000000000000000000e+00,-3.234624862670898438e-02,1.000000000000000000e+00,-4.436612129211425781e-02,0.000000000000000000e+00,-3.398270001766260859e-03,2.099448765110866200e-01,4.542278154119167022e-02,-7.519311480131393166e-01,6.724848870918591869e-03,-1.181868443910352381e-02,1.597404914604940940e+00,1.940454176762876695e-02,-2.479411101751791829e-02,-3.116561621892186690e-02,1.620455448817404234e-02,0.000000000000000000e+00,0.000000000000000000e+00
4.000000000000000222e-01,1.353788018226623535e+00,1.347272753715515137e+00,1.118197321891784668e+00,1.127987861633300781e+00,9.502523541450500488e-01,9.610407948493957520e-01,1.382827758789062500e-02,0.000000000000000000e+00,-4.193067550659179688e-02,1.000000000000000000e+00,-4.215717315673828125e-02,0.000000000000000000e+00,-3.722253185537945271e-03,2.129910941199946728e-01,5.302696353295640458e-02,-7.538688504048142169e-01,-1.196447847788438199e-03,-1.838414550599406713e-02,1.593987571220316202e+00,2.111694461797747335e-02,-2.823240850959213288e-02,-3.571179592999380176e-02,-4.942512019521026756e-03,0.000000000000000000e+00,0.000000000000000000e+00
4.500000000000000111e-01,1.354572296142578125e+00,1.347272753715515137e+00,1.117158770561218262e+00,1.127987861633300781e+00,9.484322667121887207e-01,9.610407948493957520e-01,1.568555831909179688e-02,0.000000000000000000e+00,-2.077102661132812500e-02,1.000000000000000000e+00,-3.640174865722656250e-02,0.000000000000000000e+00,-3.755481696510527389e-03,2.154974570393974331e-01,5.784232556378676726e-02,-7.558253682760461833e-01,-7.824178046173628498e-03,-6.009263715055503455e-03,1.588822058737728637e+00,2.111086857164361577e-02,-2.876670105125382973e-02,-3.809310473319964252e-02,-3.111831893686663880e-02,0.000000000000000000e+00,0.000000000000000000e+00
5.000000000000000000e-01,1.355897903442382812e+00,1.347272753715515137e+00,1.115850806236267090e+00,1.127987861633300781e+00,9.465963840484619141e-01,9.610407948493957520e-01,2.651214599609375000e-02,0.000000000000000000e+00,-2.615928649902343750e-02,1.000000000000000000e+00,-3.671765327453613281e-02,0.000000000000000000e+00,-3.935790320159732701e-03,2.178769240809818875e-01,6.108952248953304631e-02,-7.570950759815560094e-01,-4.059552739062643675e-03,-1.720414774277900100e-02,1.590718837248361384e+00,2.196592461503886831e-02,-2.862178725648717101e-02,-3.907499093590700162e-02,-3.334262258251379646e-02,0.000000000000000000e+00,0.000000000000000000e+00
5.500000000000000444e-01,1.357429146766662598e+00,1.347272753715515137e+00,1.114876866340637207e+00,1.127987861633300781e+00,9.438675045967102051e-01,9.610407948493957520e-01,3.062486648559570312e-02,0.000000000000000000e+00,-1.947879791259765625e-02,1.000000000000000000e+00,-5.457758903503417969e-02,0.000000000000000000e+00,-4.280314584029783209e-03,2.199953230881928068e-01,6.761784822232506931e-02,-7.566013239215643171e-01,2.042141786135681430e-04,-2.176016836004575350e-02,1.587346255590502686e+00,2.377425122253755407e-02,-2.709494200790503460e-02,-4.203544995558846503e-02,-3.988853789809031214e-02,0.000000000000000000e+00,0.000000000000000000e+00
6.000000000000000888e-01,1.358340144157409668e+00,1.347272753715515137e+00,1.113159298896789551e+00,1.127987861633300781e+00,9.410166144371032715e-01,9.610407948493957520e-01,1.821994781494140625e-02,0.000000000000000000e+00,-3.435134887695312500e-02,1.000000000000000000e+00,-5.701780319213867188e-02,0.000000000000000000e+00,-4.323877765352522086e-03,2.224705691246323391e-01,7.532578253812875768e-02,-7.564804685575924337e-01,2.830572759806941271e-03,-2.253841334476620883e-02,1.581033455281215305e+00,2.380343465872503811e-02,-2.747841157303190437e-02,-4.591130379497360137e-02,-5.692379650111538403e-02,0.000000000000000000e+00,0.000000000000000000e+00
6.500000000000000222e-01,1.358035922050476074e+00,1.347272753715515137e+00,1.112285137176513672e+00,1.127987861633300781e+00,9.386040568351745605e-01,9.610407948493957520e-01,-6.084442138671875000e-03,0.000000000000000000e+00,-1.748323440551757812e-02,1.000000000000000000e+00,-4.825115203857421875e-02,0.000000000000000000e+00,-3.553514762384311736e-03,2.246110916696099080e-01,8.076796124939245036e-02,-7.565322869520532123e-01,4.189064350187509354e-03,-2.261294762161151356e-02,1.578946497876964061e+00,1.906724405295400285e-02,-2.608300467885251578e-02,-4.823803781320566003e-02,-6.310185637559483085e-02,0.000000000000000000e+00,0.000000000000000000e+00
7.000000000000000666e-01,1.358011364936828613e+00,1.347272753715515137e+00,1.110352635383605957e+00,1.127987861633300781e+00,9.350745677947998047e-01,9.610407948493957520e-01,-4.911422729492187500e-04,0.000000000000000000e+00,-3.865003585815429688e-02,1.000000000000000000e+00,-7.058978080749511719e-02,0.000000000000000000e+00,-2.645547681640152572e-03,2.272556124564090729e-01,9.022786425589464365e-02,-7.556043407858419325e-01,9.205800354827941429e-03,-2.806417058109240623e-02,1.575153407072864775e+00,1.357044994059133577e-02,-2.737622240657249656e-02,-5.296346771488590760e-02,-6.824555141927987623e-02,0.000000000000000000e+00,0.000000000000000000e+00
7.500000000000000000e-01,1.359753131866455078e+00,1.347272753715515137e+00,1.109000921249389648e+00,1.127987861633300781e+00,9.313356876373291016e-01,9.610407948493957520e-01,3.483533859252929688e-02,0.000000000000000000e+00,-2.703428268432617188e-02,1.000000000000000000e+00,-7.477760314941406250e-02,0.000000000000000000e+00,-2.770998722384780243e-03,2.297720040188291346e-01,1.012056352727264130e-01,-7.544307184454481785e-01,1.545679778027844384e-02,-2.687151067324158177e-02,1.571699423586597533e+00,1.417597853656511059e-02,-2.797428606846926596e-02,-5.881306751574370828e-02,-7.097291497459581877e-02,0.000000000000000000e+00,0.000000000000000000e+00
8.000000000000000444e-01,1.360196113586425781e+00,1.347272753715515137e+00,1.107855081558227539e+00,1.127987861633300781e+00,9.285159111022949219e-01,9.610407948493957520e-01,8.859634399414062500e-03,0.000000000000000000e+00,-2.291679382324218750e-02,1.000000000000000000e+00,-5.639553070068359375e-02,0.000000000000000000e+00,-2.701931068806680269e-03,2.320823078734877143e-01,1.073941085068720047e-01,-7.526413466469108471e-01,1.531836701115535208e-02,-2.456157076671728126e-02,1.573767009035452080e+00,1.363695305170186181e-02,-2.747261536622232908e-02,-6.138055541272611354e-02,-5.450510412573322111e-02,0.000000000000000000e+00,0.000000000000000000e+00
8.500000000000000888e-01,1.360762715339660645e+00,1.347272753715515137e+00,1.105667352676391602e+00,1.127987861633300781e+00,9.270060062408447266e-01,9.610407948493957520e-01,1.133203506469726562e-02,0.000000000000000000e+00,-4.375457763671875000e-02,1.000000000000000000e+00,-3.019809722900390625e-02,0.000000000000000000e+00,-2.615055665369014903e-03,2.349263124003706793e-01,1.050023480468884052e-01,-7.502222211904230331e-01,1.037071674699781461e-02,-2.046583611377823103e-02,1.566726783496696251e+00,1.299879358229201302e-02,-2.980591755232904136e-02,-5.772273091697941588e-02,-5.990387823585979765e-02,0.000000000000000000e+00,0.000000000000000000e+00
9.000000000000000222e-01,1.361727952957153320e+00,1.347272753715515137e+00,1.104020237922668457e+00,1.127987861633300781e+00,9.244347810745239258e-01,9.610407948493957520e-01,1.930475234985351562e-02,0.000000000000000000e+00,-3.294229507446289062e-02,1.000000000000000000e+00,-5.142450332641601562e-02,0.000000000000000000e+00,-2.752241585408842818e-03,2.376517200967855903e-01,1.047640729548150185e-01,-7.490706837419548458e-01,1.125423198940109226e-02,-1.830918851521727217e-02,1.566902807871170422e+00,1.367845427363216168e-02,-3.148169278874107108e-02,-5.487623672535959368e-02,-5.255332340610358727e-02,0.000000000000000000e+00,0.000000000000000000e+00
9.500000000000000666e-01,1.363309621810913086e+00,1.347272753715515137e+00,1.102308869361877441e+00,1.127987861633300781e+00,9.222846031188964844e-01,9.610407948493957520e-01,3.163337707519531250e-02,0.000000000000000000e+00,-3.422737121582031250e-02,1.000000000000000000e+00,-4.300355911254882812e-02,0.000000000000000000e+00,-3.320211918634152683e-03,2.403067355460114796e-01,1.034966147978018947e-01,-7.467524085999315275e-01,8.984243405784844358e-03,-2.746621919522863192e-02,1.571685156718500398e+00,1.687366751564233630e-02,-3.276359122035755328e-02,-5.155364022349858549e-02,-2.530150259414340463e-02,0.000000000000000000e+00,0.000000000000000000e+00
1.000000000000000000e+00,1.362538456916809082e+00,1.347272753715515137e+00,1.099878549575805664e+00,1.127987861633300781e+00,9.203091263771057129e-01,9.610407948493957520e-01,-1.542329788208007812e-02,0.000000000000000000e+00,-4.860639572143554688e-02,1.000000000000000000e+00,-3.950953483581542969e-02,0.000000000000000000e+00,-2.746699949477932057e-03,2.433197791565187285e-01,1.017227871454907395e-01,-7.439495814634066173e-01,7.078701955929320253e-05,-2.524605396712778851e-02,1.568704276844838486e+00,1.335576584088374145e-02,-3.592723635068301863e-02,-4.796351567087914214e-02,-1.699906301937247760e-02,0.000000000000000000e+00,0.000000000000000000e+00
1.050000000000000044e+00,1.364159345626831055e+00,1.347272753715515137e+00,1.097344040870666504e+00,1.127987861633300781e+00,9.183188676834106445e-01,9.610407948493957520e-01,3.241777420043945312e-02,0.000000000000000000e+00,-5.069017410278320312e-02,1.000000000000000000e+00,-3.980517387390136719e-02,0.000000000000000000e+00,-2.982333299270358701e-03,2.464870389851899213e-01,1.005128663230984709e-01,-7.427993555173775242e-01,-7.816283589756700331e-03,-2.198996285657119076e-02,1.568586796489632507e+00,1.460839165518767156e-02,-3.986903828957570617e-02,-4.485563883337279067e-02,-1.048179805302894285e-02,0.000000000000000000e+00,0.000000000000000000e+00
1.100000000000000089e+00,1.364670515060424805e+00,1.347272753715515137e+00,1.095108270645141602e+00,1.127987861633300781e+00,9.153560996055603027e-01,9.610407948493957520e-01,1.022338867187500000e-02,0.000000000000000000e+00,-4.471540451049804688e-02,1.000000000000000000e+00,-5.925536155700683594e-02,0.000000000000000000e+00,-2.995040079615702948e-03,2.494404073600088589e-01,1.047718543355795340e-01,-7.416695278701577188e-01,-5.870243103804709435e-03,-3.268629034920705195e-02,1.573447231562608462e+00,1.454400324846926579e-02,-4.262828162867631637e-02,-4.557457892236660424e-02,9.914416182831210789e-03,0.000000000000000000e+00,0.000000000000000000e+00
1.150000000000000133e+00,1.364931225776672363e+00,1.347272753715515137e+00,1.092374086380004883e+00,1.127987861633300781e+00,9.126924276351928711e-01,9.610407948493957520e-01,5.214214324951171875e-03,0.000000000000000000e+00,-5.468368530273437500e-02,1.000000000000000000e+00,-5.327343940734863281e-02,0.000000000000000000e+00,-2.759937478409874717e-03,2.525036896090935290e-01,1.096659679420308731e-01,-7.402725341356798383e-01,-5.665309782598564395e-03,-3.093465052653821337e-02,1.572344530193308776e+00,1.302943687321546015e-02,-4.593588243001225230e-02,-4.716041082375634075e-02,1.512983794760108108e-02,0.000000000000000000e+00,0.000000000000000000e+00
1.200000000000000178e+00,1.365390539169311523e+00,1.347272753715515137e+00,1.089106917381286621e+00,1.127987861633300781e+00,9.105534553527832031e-01,9.610407948493957520e-01,9.186267852783203125e-03,0.000000000000000000e+00,-6.534337997436523438e-02,1.000000000000000000e+00,-4.277944564819335938e-02,0.000000000000000000e+00,-2.546236273362716910e-03,2.558472730578339460e-01,1.122706916189659399e-01,-7.401658213900904615e-01,-4.372906414704463667e-03,-2.892140751442817681e-02,1.573459715901740275e+00,1.165455245711487925e-02,-5.068813813737633317e-02,-4.726482947370455601e-02,1.890159429797307056e-02,0.000000000000000000e+00,0.000000000000000000e+00
1.250000000000000000e+00,1.365210175514221191e+00,1.347272753715515137e+00,1.085726857185363770e+00,1.127987861633300781e+00,9.085968136787414551e-01,9.610407948493957520e-01,-3.607273101806640625e-03,0.000000000000000000e+00,-6.760120391845703125e-02,1.000000000000000000e+00,-3.913283348083496094e-02,0.000000000000000000e+00,-2.032514310361737634e-03,2.592647734231688372e-01,1.131403301659338057e-01,-7.401310619257222001e-01,-1.620116115411081954e-03,-3.561055689113849787e-02,1.577041906887495459e+00,8.536270465426003609e-03,-5.577324472908332803e-02,-4.602573247560955844e-02,2.918344112328179196e-02,0.000000000000000000e+00,0.000000000000000000e+00
1.300000000000000044e+00,1.363910317420959473e+00,1.347272753715515137e+00,1.081430912017822266e+00,1.127987861633300781e+00,9.064466953277587891e-01,9.610407948493957520e-01,-2.599716186523437500e-02,0.000000000000000000e+00,-8.591890335083007812e-02,1.000000000000000000e+00,-4.300236701965332031e-02,0.000000000000000000e+00,-8.405301898113850655e-04,2.631224568941851749e-01,1.143861780037889603e-01,-7.400102769956973248e-01,-1.225340210201659357e-03,-2.685016261878966568e-02,1.577496788555336593e+00,1.476754723061700185e-03,-6.312838078031909883e-02,-4.492010264951181581e-02,3.118186876416657524e-02,0.000000000000000000e+00,0.000000000000000000e+00
1.350000000000000089e+00,1.363065123558044434e+00,1.347272753715515137e+00,1.077623367309570312e+00,1.127987861633300781e+00,9.044833779335021973e-01,9.610407948493957520e-01,-1.690387725830078125e-02,0.000000000000000000e+00,-7.615089416503906250e-02,1.000000000000000000e+00,-3.926634788513183594e-02,0.000000000000000000e+00,2.643804758240672539e-04,2.667003032372979865e-01,1.150175408148130241e-01,-7.405166197541369622e-01,-6.147392233434654640e-04,-3.267207244913090947e-02,1.580048669995006705e+00,-5.005927720242503084e-03,-6.890910368936731256e-02,-4.346398564039884865e-02,3.534460809132834724e-02,0.000000000000000000e+00,0.000000000000000000e+00
1.400000000000000133e+00,1.363686800003051758e+00,1.347272753715515137e+00,1.073503613471984863e+00,1.127987861633300781e+00,9.021896123886108398e-01,9.610407948493957520e-01,1.243352890014648438e-02,0.000000000000000000e+00,-8.239507675170898438e-02,1.000000000000000000e+00,-4.587531089782714844e-02,0.000000000000000000e+00,3.581505540867582511e-04,2.701556490396276322e-01,1.172849381712027100e-01,-7.410959531661029942e-01,-6.559979347289650667e-03,-2.543069248419449133e-02,1.580226309822062802e+00,-5.507344407677033579e-03,-7.396886095324388399e-02,-4.311214762328773042e-02,3.239525519235249285e-02,0.000000000000000000e+00,0.000000000000000000e+00
1.450000000000000178e+00,1.361585378646850586e+00,1.347272753715515137e+00,1.069440364837646484e+00,1.127987861633300781e+00,9.001002907752990723e-01,9.610407948493957520e-01,-4.202842712402343750e-02,0.000000000000000000e+00,-8.126497268676757812e-02,1.000000000000000000e+00,-4.178643226623535156e-02,0.000000000000000000e+00,1.401266593751781218e-03,2.733686665619321499e-01,1.192735079471762272e-01,-7.422317847388548717e-01,-1.021772640767000181e-02,-1.450167650593290475e-02,1.579876907157256705e+00,-1.156190385637094822e-02,-7.768147440717661223e-02,-4.272398458376243380e-02,2.465057623446864979e-02,0.000000000000000000e+00,0.000000000000000000e+00
1.500000000000000000e+00,1.360732316970825195e+00,1.347272753715515137e+00,1.065144896507263184e+00,1.127987861633300781e+00,8.989520668983459473e-01,9.610407948493957520e-01,-1.706123352050781250e-02,0.000000000000000000e+00,-8.590936660766601562e-02,1.000000000000000000e+00,-2.296447753906250000e-02,0.000000000000000000e+00,2.091183838772089909e-03,2.764900216119005605e-01,1.168275788726964859e-01,-7.433747662874947704e-01,-1.113743829442676546e-02,-2.568764429695053267e-02,1.582674535214795952e+00,-1.549115742139697306e-02,-8.086221654498866596e-02,-3.938921717819449803e-02,2.571435499339519426e-02,0.000000000000000000e+00,0.000000000000000000e+00
1.550000000000000044e+00,1.359548091888427734e+00,1.347272753715515137e+00,1.061152577400207520e+00,1.127987861633300781e+00,8.978964686393737793e-01,9.610407948493957520e-01,-2.368450164794921875e-02,0.000000000000000000e+00,-7.984638214111328125e-02,1.000000000000000000e+00,-2.111196517944335938e-02,0.000000000000000000e+00,2.677362050838715587e-03,2.792911308406640369e-01,1.128549794324145150e-01,-7.441782703505481766e-01,-1.669092532581830518e-02,-1.869227328722005213e-02,1.579285356163440124e+00,-1.877574724854240776e-02,-8.230613145599023628e-02,-3.480279401397010086e-02,1.139876138941269511e-02,0.000000000000000000e+00,0.000000000000000000e+00
1.600000000000000089e+00,1.355566263198852539e+00,1.347272753715515137e+00,1.057350754737854004e+00,1.127987861633300781e+00,8.973671197891235352e-01,9.610407948493957520e-01,-7.963657379150390625e-02,0.000000000000000000e+00,-7.603645324707031250e-02,1.000000000000000000e+00,-1.058697700500488281e-02,0.000000000000000000e+00,4.642363155583558235e-03,2.817727758568229768e-01,1.064850238938026827e-01,-7.454731691157900908e-01,-2.695729684041324459e-02,-1.642964693153058445e-02,1.582924399553690575e+00,-3.010139442121010506e-02,-8.203889852637021030e-02,-2.864131310275654790e-02,1.392460694208473744e-02,0.000000000000000000e+00,0.000000000000000000e+00
1.650000000000000133e+00,1.352540612220764160e+00,1.347272753715515137e+00,1.052587747573852539e+00,1.127987861633300781e+00,8.970726728439331055e-01,9.610407948493957520e-01,-6.051301956176757812e-02,0.000000000000000000e+00,-9.526014328002929688e-02,1.000000000000000000e+00,-5.888938903808593750e-03,0.000000000000000000e+00,6.492727047049171203e-03,2.846750210773951739e-01,9.920437928815235840e-02,-7.458800906784193163e-01,-2.871897284772127745e-02,-1.780143151528838091e-02,1.578850185539563133e+00,-4.064830917588072023e-02,-8.400426960369301865e-02,-2.191739174202879739e-02,4.334032449911963403e-05,0.000000000000000000e+00,0.000000000000000000e+00
1.700000000000000178e+00,1.348566055297851562e+00,1.347272753715515137e+00,1.049615502357482910e+00,1.127987861633300781e+00,8.972963690757751465e-01,9.610407948493957520e-01,-7.949113845825195312e-02,0.000000000000000000e+00,-5.944490432739257812e-02,1.000000000000000000e+00,4.473924636840820312e-03,0.000000000000000000e+00,8.521844352726487548e-03,2.866621336807332332e-01,9.034429043813939353e-02,-7.471446665369112505e-01,-3.156364028652134529e-02,-1.590148079953790372e-02,1.577435248584516891e+00,-5.214153262661054555e-02,-8.109482953672969563e-02,-1.433155465444401443e-02,-1.146461147245738527e-02,0.000000000000000000e+00,0.000000000000000000e+00
1.750000000000000000e+00,1.343992352485656738e+00,1.347272753715515137e+00,1.046605587005615234e+00,1.127987861633300781e+00,8.972413539886474609e-01,9.610407948493957520e-01,-9.147405624389648438e-02,0.000000000000000000e+00,-6.019830703735351562e-02,1.000000000000000000e+00,-1.100301742553710938e-03,0.000000000000000000e+00,1.066447622820474589e-02,2.882880408628896163e-01,8.368504219810521394e-02,-7.477485984796435892e-01,-3.295056828808545085e-02,-1.384385111416005024e-02,1.578508648940136760e+00,-6.419013675513182693e-02,-7.630698398468954702e-02,-8.401240263088855312e-03,-1.204108113801001870e-02,0.000000000000000000e+00,0.000000000000000000e+00
1.800000000000000044e+00,1.339312672615051270e+00,1.347272753715515137e+00,1.044057250022888184e+00,1.127987861633300781e+00,8.967499136924743652e-01,9.610407948493957520e-01,-9.359359741210937500e-02,0.000000000000000000e+00,-5.096673965454101562e-02,1.000000000000000000e+00,-9.828805923461914062e-03,0.000000000000000000e+00,1.260512356311151161e-02,2.895907036291885950e-01,8.112026637314906363e-02,-7.476257455999614221e-01,-3.220915590341011381e-02,-6.042596410782819991e-03,1.576066188662292866e+00,-7.494176910069062780e-02,-6.986522836276162773e-02,-5.635053013396255570e-03,-1.817911652573788589e-02,0.000000000000000000e+00,0.000000000000000000e+00
1.850000000000000089e+00,1.331830739974975586e+00,1.347272753715515137e+00,1.041500806808471680e+00,1.127987861633300781e+00,8.971312642097473145e-01,9.610407948493957520e-01,-1.496386528015136719e-01,0.000000000000000000e+00,-5.112886428833007812e-02,1.000000000000000000e+00,7.627010345458984375e-03,0.000000000000000000e+00,1.568039181849032598e-02,2.909187353756307881e-01,7.670587382502844220e-02,-7.476341197407257999e-01,-2.903504055746602974e-02,-1.318535140421721492e-02,1.576505407969255534e+00,-9.223385165655956230e-02,-6.363781269395178686e-02,-2.132265728639766520e-03,-1.699366627625598439e-02,0.000000000000000000e+00,0.000000000000000000e+00
1.900000000000000133e+00,1.324402928352355957e+00,1.347272753715515137e+00,1.039073348045349121e+00,1.127987861633300781e+00,8.973876833915710449e-01,9.610407948493957520e-01,-1.485562324523925781e-01,0.000000000000000000e+00,-4.854917526245117188e-02,1.000000000000000000e+00,5.128383636474609375e-03,0.000000000000000000e+00,1.884897544605750735e-02,2.923619329741940498e-01,7.309605235663547973e-02,-7.471377628413744532e-01,-2.887867629050194437e-02,-9.759262849181887453e-03,1.575565099165758154e+00,-1.099079703712328437e-01,-5.809802590571436220e-02,7.889297008302005761e-04,-1.668330671195378603e-02,0.000000000000000000e+00,0.000000000000000000e+00
1.950000000000000178e+00,1.317898392677307129e+00,1.347272753715515137e+00,1.037519693374633789e+00,1.127987861633300781e+00,8.969678282737731934e-01,9.610407948493957520e-01,-1.300907135009765625e-01,0.000000000000000000e+00,-3.107309341430664062e-02,1.000000000000000000e+00,-8.397102355957031250e-03,0.000000000000000000e+00,2.109856830060158686e-02,2.934999046309454407e-01,7.356701836190930599e-02,-7.465326914506359435e-01,-1.539581300993119600e-02,-2.880555181119423894e-02,1.577746731525424551e+00,-1.220339919189322303e-01,-5.100915571098695034e-02,8.039902502917394608e-04,-6.945274020862379077e-03,0.000000000000000000e+00,0.000000000000000000e+00
2.000000000000000000e+00,1.307827115058898926e+00,1.347272753715515137e+00,1.035762071609497070e+00,1.127987861633300781e+00,8.980521559715270996e-01,9.610407948493957520e-01,-2.014255523681640625e-01,0.000000000000000000e+00,-3.515243530273437500e-02,1.000000000000000000e+00,2.168655395507812500e-02,0.000000000000000000e+00,2.449611745852197861e-02,2.948085099370508222e-01,6.853719093111321214e-02,-7.456358768436810447e-01,-1.470848477411354320e-02,-2.415329859984095481e-02,1.575884487231229647e+00,-1.407654784209139698e-01,-4.491259016398019277e-02,4.128858578788459875e-03,-6.843799804880612916e-03,0.000000000000000000e+00,0.000000000000000000e+00
2.050000000000000266e+00,1.299467802047729492e+00,1.347272753715515137e+00,1.034489512443542480e+00,1.127987861633300781e+00,8.983684778213500977e-01,9.610407948493957520e-01,-1.671862602233886719e-01,0.000000000000000000e+00,-2.545118331909179688e-02,1.000000000000000000e+00,6.326436996459960938e-03,0.000000000000000000e+00,2.705619534183102345e-02,2.960893034639752175e-01,6.587135703783054963e-02,-7.455958392798988088e-01,-1.963662269534697732e-02,-1.754492851589048441e-02,1.573415772682062341e+00,-1.544160752554249449e-01,-3.874421237702418280e-02,6.155974046652408320e-03,-1.354870251136305881e-02,0.000000000000000000e+00,0.000000000000000000e+00
2.100000000000000089e+00,1.289664506912231445e+00,1.347272753715515137e+00,1.032716393470764160e+00,1.127987861633300781e+00,8.994313478469848633e-01,9.610407948493957520e-01,-1.960659027099609375e-01,0.000000000000000000e+00,-3.546237945556640625e-02,1.000000000000000000e+00,2.125740051269531250e-02,0.000000000000000000e+00,2.961364293112974527e-02,2.978337441892664472e-01,6.075638162071839155e-02,-7.458748649293984734e-01,-1.118875278469375414e-02,-3.011709076453509409e-02,1.572237658196016907e+00,-1.679215924737501309e-01,-3.510977304104825197e-02,9.577949551791840183e-03,-1.852328220338736106e-02,0.000000000000000000e+00,0.000000000000000000e+00
2.149999999999999911e+00,1.280422210693359375e+00,1.347272753715515137e+00,1.031112074851989746e+00,1.127987861633300781e+00,9.006990790367126465e-01,9.610407948493957520e-01,-1.848459243774414062e-01,0.000000000000000000e+00,-3.208637237548828125e-02,1.000000000000000000e+00,2.535462379455566406e-02,0.000000000000000000e+00,3.150960350831888412e-02,2.998187080715368213e-01,5.448357796416875010e-02,-7.458583109591642168e-01,-9.732853874509343056e-03,-2.603139629180104692e-02,1.571323364262741329e+00,-1.774261592361759399e-01,-3.279523595175282136e-02,1.381116020705703586e-02,-2.099618258793100115e-02,0.000000000000000000e+00,0.000000000000000000e+00
2.200000000000000178e+00,1.269973039627075195e+00,1.347272753715515137e+00,1.029485702514648438e+00,1.127987861633300781e+00,9.015091657638549805e-01,9.610407948493957520e-01,-2.089834213256835938e-01,0.000000000000000000e+00,-3.252744674682617188e-02,1.000000000000000000e+00,1.620173454284667969e-02,0.000000000000000000e+00,3.347312825054343105e-02,3.020065256974945878e-01,5.068931210480722566e-02,-7.456798117939112958e-01,-1.477671864922920457e-02,-2.658685474883105970e-02,1.568512904332710844e+00,-1.872359841923424695e-01,-3.158457664760691563e-02,1.632736359610319904e-02,-2.783793611066891910e-02,0.000000000000000000e+00,0.000000000000000000e+00
2.250000000000000000e+00,1.260725975036621094e+00,1.347272753715515137e+00,1.027776598930358887e+00,1.127987861633300781e+00,9.029852151870727539e-01,9.610407948493957520e-01,-1.849412918090820312e-01,0.000000000000000000e+00,-3.418207168579101562e-02,1.000000000000000000e+00,2.952098846435546875e-02,0.000000000000000000e+00,3.456035560600716899e-02,3.043824968330287595e-01,4.515779740842293388e-02,-7.457384158488109538e-01,-1.236418784374323544e-02,-3.387532286077401394e-02,1.564897436281113663e+00,-1.918223694162447812e-01,-3.138619198544793931e-02,1.969311523085938084e-02,-3.835532947928906033e-02,0.000000000000000000e+00,0.000000000000000000e+00
2.300000000000000266e+00,1.249432682991027832e+00,1.347272753715515137e+00,1.025480628013610840e+00,1.127987861633300781e+00,9.051766395568847656e-01,9.610407948493957520e-01,-2.258658409118652344e-01,0.000000000000000000e+00,-4.591941833496093750e-02,1.000000000000000000e+00,4.382848739624023438e-02,0.000000000000000000e+00,3.619072529798171567e-02,3.072121165884186267e-01,3.633812481188555821e-02,-7.456477827161653860e-01,-1.183740387615859167e-02,-3.771424874766021729e-02,1.564224584990317357e+00,-1.995449880699222411e-01,-3.359472279665458305e-02,2.522575841415820863e-02,-3.970815448497010125e-02,0.000000000000000000e+00,0.000000000000000000e+00
2.350000000000000089e+00,1.239341735839843750e+00,1.347272753715515137e+00,1.023276090621948242e+00,1.127987861633300781e+00,9.077169299125671387e-01,9.610407948493957520e-01,-2.018189430236816406e-01,0.000000000000000000e+00,-4.409074783325195312e-02,1.000000000000000000e+00,5.080580711364746094e-02,0.000000000000000000e+00,3.724196163945055205e-02,3.101550901776867208e-01,2.561293484062353992e-02,-7.448935082206311620e-01,-6.758431123646988122e-03,-4.531551654377597577e-02,1.561112486711831338e+00,-2.038037298710622391e-01,-3.637667258479022198e-02,3.208149852834178695e-02,-4.397048339646478926e-02,0.000000000000000000e+00,0.000000000000000000e+00
2.400000000000000355e+00,1.228451609611511230e+00,1.347272753715515137e+00,1.020231246948242188e+00,1.127987861633300781e+00,9.091092944145202637e-01,9.610407948493957520e-01,-2.178025245666503906e-01,0.000000000000000000e+00,-6.089687347412109375e-02,1.000000000000000000e+00,2.784729003906250000e-02,0.000000000000000000e+00,3.831964122168018960e-02,3.135794897825588956e-01,2.083437972591346138e-02,-7.443792681947544176e-01,-6.218821765950555830e-03,-3.782951731405713447e-02,1.556251205945814675e+00,-2.081768244720019756e-01,-4.167580911071776251e-02,3.486889250621322961e-02,-5.458139326350004705e-02,0.000000000000000000e+00,0.000000000000000000e+00
2.450000000000000178e+00,1.218134880065917969e+00,1.347272753715515137e+00,1.017532706260681152e+00,1.127987861633300781e+00,9.092681407928466797e-01,9.610407948493957520e-01,-2.063345909118652344e-01,0.000000000000000000e+00,-5.397081375122070312e-02,1.000000000000000000e+00,3.176927566528320312e-03,0.000000000000000000e+00,3.898444823663795022e-02,3.168895722713696017e-01,2.476236131080111064e-02,-7.440350545152385475e-01,-2.866992749038186575e-03,-3.591158504953882724e-02,1.552778556256837694e+00,-2.100912294996418461e-01,-4.630332593898748433e-02,3.124127976252511624e-02,-6.229900174169746008e-02,0.000000000000000000e+00,0.000000000000000000e+00
2.500000000000000000e+00,1.206783056259155273e+00,1.347272753715515137e+00,1.014571070671081543e+00,1.127987861633300781e+00,9.103757143020629883e-01,9.610407948493957520e-01,-2.270364761352539062e-01,0.000000000000000000e+00,-5.923271179199218750e-02,1.000000000000000000e+00,2.215147018432617188e-02,0.000000000000000000e+00,3.995018333563809393e-02,3.201655425024328983e-01,2.718751408703654754e-02,-7.433832217314629842e-01,-3.351040675690575114e-03,-2.944828252568517518e-02,1.546961151314770522e+00,-2.137492185596923111e-01,-5.069265773313844092e-02,2.796651794559862000e-02,-7.477987530185079001e-02,0.000000000000000000e+00,0.000000000000000000e+00
2.550000000000000266e+00,1.197684884071350098e+00,1.347272753715515137e+00,1.011613488197326660e+00,1.127987861633300781e+00,9.101071953773498535e-01,9.610407948493957520e-01,-1.819634437561035156e-01,0.000000000000000000e+00,-5.915164947509765625e-02,1.000000000000000000e+00,-5.370378494262695312e-03,0.000000000000000000e+00,3.974990554742827836e-02,3.232951200817394399e-01,3.537706013204450217e-02,-7.425282232794692128e-01,3.179459475765564896e-03,-3.501297154034335724e-02,1.545617102825633360e+00,-2.105460830499415459e-01,-5.425164273869623188e-02,2.101810232533017631e-02,-7.346992089334561382e-02,0.000000000000000000e+00,0.000000000000000000e+00
2.600000000000000089e+00,1.190409898757934570e+00,1.347272753715515137e+00,1.010072946548461914e+00,1.127987861633300781e+00,9.116120934486389160e-01,9.610407948493957520e-01,-1.454997062683105469e-01,0.000000000000000000e+00,-3.081083297729492188e-02,1.000000000000000000e+00,3.009796142578125000e-02,0.000000000000000000e+00,3.805047595734539767e-02,3.253978934953678515e-01,3.596819529655652381e-02,-7.402388086489414265e-01,8.065298119580658134e-03,-3.417577458042653227e-02,1.549176314227085571e+00,-1.985966558131428139e-01,-5.232416757798238199e-02,1.895368444573320571e-02,-4.982999039301940630e-02,0.000000000000000000e+00,0.000000000000000000e+00
2.650000000000000355e+00,1.180767655372619629e+00,1.347272753715515137e+00,1.006829380989074707e+00,1.127987861633300781e+00,9.119097590446472168e-01,9.610407948493957520e-01,-1.928448677062988281e-01,0.000000000000000000e+00,-6.487131118774414062e-02,1.000000000000000000e+00,5.953311920166015625e-03,0.000000000000000000e+00,3.718655984696871836e-02,3.280523299178729202e-01,3.914464205412492015e-02,-7.369393784826292482e-01,1.347520845189708466e-02,-3.656947021372603662e-02,1.548617139640738438e+00,-1.916522268524181449e-01,-5.334455033021128639e-02,1.584664252801299897e-02,-3.176006132700907175e-02,0.000000000000000000e+00,0.000000000000000000e+00
2.700000000000000178e+00,1.167016983032226562e+00,1.347272753715515137e+00,1.001544356346130371e+00,1.127987861633300781e+00,9.144116640090942383e-01,9.610407948493957520e-01,-2.750134468078613281e-01,0.000000000000000000e+00,-1.057004928588867188e-01,1.000000000000000000e+00,5.003809928894042969e-02,0.000000000000000000e+00,3.916080596030219879e-02,3.321829520861410145e-01,3.185655208172655239e-02,-7.349788094960284512e-01,5.159442494048842830e-03,-3.067183195623349179e-02,1.541779043805869831e+00,-2.013896719849115335e-01,-6.217644817308075333e-02,1.970998557598451981e-02,-3.932028516234654242e-02,0.000000000000000000e+00,0.000000000000000000e+00
2.750000000000000000e+00,1.156761407852172852e+00,1.347272753715515137e+00,9.982700943946838379e-01,1.127987861633300781e+00,9.156786799430847168e-01,9.610407948493957520e-01,-2.051115036010742188e-01,0.000000000000000000e+00,-6.548523902893066406e-02,1.000000000000000000e+00,2.534031867980957031e-02,0.000000000000000000e+00,4.042801178404982487e-02,3.356080592248369410e-01,2.715932130303830988e-02,-7.346152316413016026e-01,3.777524877055891874e-03,-2.803881236288649839e-02,1.541049125565246536e+00,-2.068952735888344441e-01,-6.715941759473402495e-02,2.255416794866423394e-02,-3.920868005229217329e-02,0.000000000000000000e+00,0.000000000000000000e+00
2.800000000000000266e+00,1.147305369377136230e+00,1.347272753715515137e+00,9.953576922416687012e-01,1.127987861633300781e+00,9.169240593910217285e-01,9.610407948493957520e-01,-1.891207695007324219e-01,0.000000000000000000e+00,-5.824804306030273438e-02,1.000000000000000000e+00,2.490758895874023438e-02,0.000000000000000000e+00,4.075606554784126645e-02,3.383120816420057686e-01,2.366051540405527190e-02,-7.335572027792193195e-01,3.257780405628737681e-03,-2.081443094038729069e-02,1.541087632114674921e+00,-2.068503455273346114e-01,-6.825866189658690020e-02,2.436344291631702130e-02,-3.280158188976205896e-02,0.000000000000000000e+00,0.000000000000000000e+00
2.850000000000000089e+00,1.137822866439819336e+00,1.347272753715515137e+00,9.916574954986572266e-01,1.127987861633300781e+00,9.183569550514221191e-01,9.610407948493957520e-01,-1.896500587463378906e-01,0.000000000000000000e+00,-7.400393486022949219e-02,1.000000000000000000e+00,2.865791320800781250e-02,0.000000000000000000e+00,4.062113907128767770e-02,3.410881417875701871e-01,2.018631072159877970e-02,-7.322072656302510696e-01,4.200062657296803857e-03,-2.355566589285046017e-02,1.539969580559123585e+00,-2.040953458318305047e-01,-6.972609423870820833e-02,2.595875449180324451e-02,-2.790947606289211416e-02,0.000000000000000000e+00,0.000000000000000000e+00
2.900000000000000355e+00,1.128572106361389160e+00,1.347272753715515137e+00,9.889329075813293457e-01,1.127987861633300781e+00,9.202467799186706543e-01,9.610407948493957520e-01,-1.850152015686035156e-01,0.000000000000000000e+00,-5.449175834655761719e-02,1.000000000000000000e+00,3.779649734497070312e-02,0.000000000000000000e+00,4.019711049931383451e-02,3.432739163301363750e-01,1.494490897471809077e-02,-7.309411054876032710e-01,-2.452787132578238211e-04,-1.959504020802147264e-02,1.541712370554703337e+00,-1.996739825089663967e-01,-6.804666341921367101e-02,2.864435614768515506e-02,-1.547000581776080200e-02,0.000000000000000000e+00,0.000000000000000000e+00
2.950000000000000178e+00,1.119949340820312500e+00,1.347272753715515137e+00,9.867240190505981445e-01,1.127987861633300781e+00,9.218211770057678223e-01,9.610407948493957520e-01,-1.724553108215332031e-01,0.000000000000000000e+00,-4.417777061462402344e-02,1.000000000000000000e+00,3.148794174194335938e-02,0.000000000000000000e+00,3.940142830347106995e-02,3.448973336082588048e-01,1.106611210751312635e-02,-7.292603272201435560e-01,-3.906545592002593631e-03,-2.079284168000402472e-02,1.545197889883267228e+00,-1.931187915430384594e-01,-6.340741798899091064e-02,3.045146160306315408e-02,4.339250579434902194e-03,0.000000000000000000e+00,0.000000000000000000e+00
3.000000000000000000e+00,1.109710454940795898e+00,1.347272753715515137e+00,9.830265641212463379e-01,1.127987861633300781e+00,9.239187836647033691e-01,9.610407948493957520e-01,-2.047777175903320312e-01,0.000000000000000000e+00,-7.394909858703613281e-02,1.000000000000000000e+00,4.195213317871093750e-02,0.000000000000000000e+00,3.946605602124152873e-02,3.472593803063821483e-01,5.522707319492857481e-03,-7.277529285156579819e-01,-1.118690798832025143e-02,-2.346410495220177528e-02,1.544281327488288502e+00,-1.916625232936826073e-01,-6.274062695956779401e-02,3.319040823941041274e-02,1.073546579759459066e-02,0.000000000000000000e+00,0.000000000000000000e+00
3.050000000000000266e+00,1.100488543510437012e+00,1.347272753715515137e+00,9.805144071578979492e-01,1.127987861633300781e+00,9.252040982246398926e-01,9.610407948493957520e-01,-1.844382286071777344e-01,0.000000000000000000e+00,-5.024313926696777344e-02,1.000000000000000000e+00,2.570629119873046875e-02,0.000000000000000000e+00,3.945550475677130770e-02,3.493076182275403063e-01,3.809356663496146767e-03,-7.272278629194505184e-01,-1.311091040633396813e-02,-2.488465731758634711e-02,1.548678739178240393e+00,-1.897799573859122457e-01,-6.041883612086134531e-02,3.338384501819326861e-02,2.622907669167271957e-02,0.000000000000000000e+00,0.000000000000000000e+00
3.100000000000000089e+00,1.090767860412597656e+00,1.347272753715515137e+00,9.777323603630065918e-01,1.127987861633300781e+00,9.263954162597656250e-01,9.610407948493957520e-01,-1.944136619567871094e-01,0.000000000000000000e+00,-5.564093589782714844e-02,1.000000000000000000e+00,2.382636070251464844e-02,0.000000000000000000e+00,3.972690141381182705e-02,3.514241987839750725e-01,4.035117319841526051e-03,-7.264216272835932742e-01,-1.710646671318708997e-02,-2.324146696767653841e-02,1.551824707592108110e+00,-1.895659281668395924e-01,-5.848806920497265360e-02,3.196323089268882089e-02,3.987690234114583954e-02,0.000000000000000000e+00,0.000000000000000000e+00
3.150000000000000355e+00,1.081354498863220215e+00,1.347272753715515137e+00,9.757397770881652832e-01,1.127987861633300781e+00,9.273515939712524414e-01,9.610407948493957520e-01,-1.882672309875488281e-01,0.000000000000000000e+00,-3.985166549682617188e-02,1.000000000000000000e+00,1.912355422973632812e-02,0.000000000000000000e+00,3.998081999505986167e-02,3.531581438532262474e-01,6.048806479115050039e-03,-7.261445894028619730e-01,-1.511864675263507353e-02,-2.040168866002840461e-02,1.554830949675139351e+00,-1.892516075617307059e-01,-5.455317634146308881e-02,2.920663636679250372e-02,4.998125704962507604e-02,0.000000000000000000e+00,0.000000000000000000e+00
3.200000000000000178e+00,1.070724725723266602e+00,1.347272753715515137e+00,9.726964831352233887e-01,1.127987861633300781e+00,9.278718233108520508e-01,9.610407948493957520e-01,-2.125954627990722656e-01,0.000000000000000000e+00,-6.086587905883789062e-02,1.000000000000000000e+00,1.040458679199218750e-02,0.000000000000000000e+00,4.089422790758526216e-02,3.554397979302068578e-01,1.040742094337214832e-02,-7.264370612811279493e-01,-1.546037602800325213e-02,-2.416487345942525816e-02,1.557845363029211505e+00,-1.928012257058266676e-01,-5.357007613742604396e-02,2.482864445423701646e-02,5.671811202600948731e-02,0.000000000000000000e+00,0.000000000000000000e+00
3.250000000000000000e+00,1.060544729232788086e+00,1.347272753715515137e+00,9.704464673995971680e-01,1.127987861633300781e+00,9.279115796089172363e-01,9.610407948493957520e-01,-2.035999298095703125e-01,0.000000000000000000e+00,-4.500031471252441406e-02,1.000000000000000000e+00,7.951259613037109375e-04,0.000000000000000000e+00,4.180609270169309555e-02,3.575541798724157783e-01,1.719439185204316156e-02,-7.271571908844589593e-01,-1.410169662033883969e-02,-2.244102280891512036e-02,1.561473437277012932e+00,-1.963080883553267875e-01,-5.171258061892682750e-02,1.880131513403652394e-02,6.263489927612024555e-02,0.000000000000000000e+00,0.000000000000000000e+00
3.300000000000000266e+00,1.049918532371520996e+00,1.347272753715515137e+00,9.682893753051757812e-01,1.127987861633300781e+00,9.275747537612915039e-01,9.610407948493957520e-01,-2.125239372253417969e-01,0.000000000000000000e+00,-4.314184188842773438e-02,1.000000000000000000e+00,-6.736516952514648438e-03,0.000000000000000000e+00,4.286694979230288444e-02,3.595809273577577070e-01,2.563371108621158301e-02,-7.281018044183794613e-01,-1.502729037506817834e-02,-2.137554368948158673e-02,1.565149110528861076e+00,-2.006539049771641769e-01,-4.941363266367840984e-02,1.170261891070379853e-02,6.734913105833639779e-02,0.000000000000000000e+00,0.000000000000000000e+00
3.350000000000000089e+00,1.038892388343811035e+00,1.347272753715515137e+00,9.660885930061340332e-01,1.127987861633300781e+00,9.268603324890136719e-01,9.610407948493957520e-01,-2.205228805541992188e-01,0.000000000000000000e+00,-4.401564598083496094e-02,1.000000000000000000e+00,-1.428842544555664062e-02,0.000000000000000000e+00,4.410630460016211341e-02,3.616553517040682064e-01,3.520656669311079262e-02,-7.294129702472532673e-01,-1.597952091250132503e-02,-2.516827662152196221e-02,1.566557943137842690e+00,-2.060034437601529211e-01,-4.739589140849644749e-02,3.991221883451620545e-03,6.350566553653529123e-02,0.000000000000000000e+00,0.000000000000000000e+00
3.400000000000000355e+00,1.027397990226745605e+00,1.347272753715515137e+00,9.637638330459594727e-01,1.127987861633300781e+00,9.266433715820312500e-01,9.610407948493957520e-01,-2.298879623413085938e-01,0.000000000000000000e+00,-4.649519920349121094e-02,1.000000000000000000e+00,-4.339218139648437500e-03,0.000000000000000000e+00,4.554982355495668100e-02,3.638866197891582055e-01,4.137120317758136157e-02,-7.312801144319809321e-01,-1.962181618039700662e-02,-2.897962321660985455e-02,1.569059842605648569e+00,-2.124974323827288070e-01,-4.623448269472457683e-02,-1.223950085670082698e-03,5.942652607666059489e-02,0.000000000000000000e+00,0.000000000000000000e+00
3.450000000000000178e+00,1.016154766082763672e+00,1.347272753715515137e+00,9.618299007415771484e-01,1.127987861633300781e+00,9.257630109786987305e-01,9.610407948493957520e-01,-2.248644828796386719e-01,0.000000000000000000e+00,-3.867864608764648438e-02,1.000000000000000000e+00,-1.760721206665039062e-02,0.000000000000000000e+00,4.679002631557899194e-02,3.659972498141584873e-01,4.832897323742114948e-02,-7.331299429207960294e-01,-1.977030216697510390e-02,-2.615517690645701929e-02,1.570393356343979141e+00,-2.177394219593462299e-01,-4.444806239928833502e-02,-6.458524787778539659e-03,5.216438786230272878e-02,0.000000000000000000e+00,0.000000000000000000e+00
3.500000000000000000e+00,1.004269242286682129e+00,1.347272753715515137e+00,9.594249725341796875e-01,1.127987861633300781e+00,9.252825379371643066e-01,9.610407948493957520e-01,-2.377104759216308594e-01,0.000000000000000000e+00,-4.809856414794921875e-02,1.000000000000000000e+00,-9.609460830688476562e-03,0.000000000000000000e+00,4.813713080900635516e-02,3.683800510066673195e-01,5.244997665806522269e-02,-7.350849547533718775e-01,-1.971097832391434726e-02,-2.612657414519634069e-02,1.571251282217650092e+00,-2.235574643579823773e-01,-4.412637158962687961e-02,-9.600891099984361354e-03,4.293846727206736963e-02,0.000000000000000000e+00,0.000000000000000000e+00
3.550000000000000266e+00,9.922368526458740234e-01,1.347272753715515137e+00,9.572398066520690918e-01,1.127987861633300781e+00,9.257587194442749023e-01,9.610407948493957520e-01,-2.406477928161621094e-01,0.000000000000000000e+00,-4.370331764221191406e-02,1.000000000000000000e+00,9.523630142211914062e-03,0.000000000000000000e+00,4.946517040993976544e-02,3.707794824475462159e-01,5.025023894213146575e-02,-7.369626544554900294e-01,-2.266445713895715031e-02,-2.673857261918943795e-02,1.572070240782677208e+00,-2.292086207382120766e-01,-4.389681438145366654e-02,-8.148810664169687384e-03,3.406321600959578977e-02,0.000000000000000000e+00,0.000000000000000000e+00
3.600000000000000089e+00,9.795044660568237305e-01,1.347272753715515137e+00,9.551753997802734375e-01,1.127987861633300781e+00,9.260879755020141602e-01,9.610407948493957520e-01,-2.546477317810058594e-01,0.000000000000000000e+00,-4.128813743591308594e-02,1.000000000000000000e+00,6.585121154785156250e-03,0.000000000000000000e+00,5.101452742161385889e-02,3.731216447103081757e-01,4.638321538403471916e-02,-7.385706504189528676e-01,-2.061617665877747002e-02,-2.502840172306899924e-02,1.572940748308788050e+00,-2.361017846562807609e-01,-4.336656216510783451e-02,-5.075426475184514202e-03,2.693858245763425946e-02,0.000000000000000000e+00,0.000000000000000000e+00
3.650000000000000355e+00,9.667220711708068848e-01,1.347272753715515137e+00,9.535545110702514648e-01,1.127987861633300781e+00,9.266002774238586426e-01,9.610407948493957520e-01,-2.556478977203369141e-01,0.000000000000000000e+00,-3.241777420043945312e-02,1.000000000000000000e+00,1.024603843688964844e-02,0.000000000000000000e+00,5.252223903776310349e-02,3.751839739146232144e-01,4.126995521287717128e-02,-7.398611481021692970e-01,-1.924115427546351648e-02,-2.422573656673446263e-02,1.573468067000293180e+00,-2.426856522910587344e-01,-4.135969719026905828e-02,-1.090457395976602607e-03,2.073890340341065161e-02,0.000000000000000000e+00,0.000000000000000000e+00
3.700000000000000178e+00,9.526976943016052246e-01,1.347272753715515137e+00,9.510228633880615234e-01,1.127987861633300781e+00,9.276424050331115723e-01,9.610407948493957520e-01,-2.804875373840332031e-01,0.000000000000000000e+00,-5.063295364379882812e-02,1.000000000000000000e+00,2.084255218505859375e-02,0.000000000000000000e+00,5.450931884018809376e-02,3.777070781224576845e-01,3.382856024787209148e-02,-7.409596848690833681e-01,-1.971468194163642981e-02,-2.086956575047473755e-02,1.573148229657680197e+00,-2.520134141778367920e-01,-4.181994452890393926e-02,4.404844749111374268e-03,1.329940532494971669e-02,0.000000000000000000e+00,0.000000000000000000e+00
3.750000000000000000e+00,9.398222565650939941e-01,1.347272753715515137e+00,9.491963982582092285e-01,1.127987861633300781e+00,9.274449348449707031e-01,9.610407948493957520e-01,-2.575087547302246094e-01,0.000000000000000000e+00,-3.652930259704589844e-02,1.000000000000000000e+00,-3.949403762817382812e-03,0.000000000000000000e+00,5.587147643770738747e-02,3.800296835641068238e-01,3.241841347297714365e-02,-7.418997389362796957e-01,-1.828673167981401809e-02,-2.190992373009681762e-02,1.573891106077188518e+00,-2.575939814186306021e-01,-4.121178926767624096e-02,5.851158837761249662e-03,9.792290041441588377e-03,0.000000000000000000e+00,0.000000000000000000e+00
3.800000000000000266e+00,9.262815117835998535e-01,1.347272753715515137e+00,9.473891258239746094e-01,1.127987861633300781e+00,9.270654320716857910e-01,9.610407948493957520e-01,-2.708148956298828125e-01,0.000000000000000000e+00,-3.614544868469238281e-02,1.000000000000000000e+00,-7.590055465698242188e-03,0.000000000000000000e+00,5.712928342803614418e-02,3.822558559012301238e-01,3.445267480845845554e-02,-7.423323974113159585e-01,-1.425139131036807019e-02,-2.719983150803836208e-02,1.575947724082129353e+00,-2.625106170058366661e-01,-4.010005463279654736e-02,4.445913444199501088e-03,1.300076805895497567e-02,0.000000000000000000e+00,0.000000000000000000e+00
3.850000000000000089e+00,9.127758741378784180e-01,1.347272753715515137e+00,9.457943439483642578e-01,1.127987861633300781e+00,9.261190295219421387e-01,9.610407948493957520e-01,-2.701127529144287109e-01,0.000000000000000000e+00,-3.189563751220703125e-02,1.000000000000000000e+00,-1.892805099487304688e-02,0.000000000000000000e+00,5.818537526325749665e-02,3.843374257969224272e-01,4.056627516522819110e-02,-7.423321169110972395e-01,-1.498735390583862299e-02,-2.599857510859866078e-02,1.577175488890449229e+00,-2.661996116171537752e-01,-3.823567501271071117e-02,2.366730498006355821e-05,1.645552649365636042e-02,0.000000000000000000e+00,0.000000000000000000e+00
3.900000000000000355e+00,8.986365795135498047e-01,1.347272753715515137e+00,9.439972639083862305e-01,1.127987861633300781e+00,9.247410297393798828e-01,9.610407948493957520e-01,-2.827858924865722656e-01,0.000000000000000000e+00,-3.594160079956054688e-02,1.000000000000000000e+00,-2.755999565124511719e-02,0.000000000000000000e+00,5.938539702853713742e-02,3.865201056230122556e-01,4.966592161530208882e-02,-7.423646062587604399e-01,-1.574501003507946389e-02,-2.728422836177666136e-02,1.579032532454916371e+00,-2.706961925345857667e-01,-3.693032259055646638e-02,-6.589949333101459070e-03,2.148504160229870036e-02,0.000000000000000000e+00,0.000000000000000000e+00
3.950000000000000178e+00,8.846349716186523438e-01,1.347272753715515137e+00,9.422064423561096191e-01,1.127987861633300781e+00,9.234248399734497070e-01,9.610407948493957520e-01,-2.800321578979492188e-01,0.000000000000000000e+00,-3.581643104553222656e-02,1.000000000000000000e+00,-2.632379531860351562e-02,0.000000000000000000e+00,6.046560570597928758e-02,3.887883330079251465e-01,5.853385555014639641e-02,-7.423638135869159438e-01,-1.633294541820214107e-02,-2.715500516043638235e-02,1.581444569128729549e+00,-2.744486152223513664e-01,-3.609458081798910811e-02,-1.306255471689119971e-02,2.827361378711285012e-02,0.000000000000000000e+00,0.000000000000000000e+00
4.000000000000000000e+00,8.706109523773193359e-01,1.347272753715515137e+00,9.410670995712280273e-01,1.127987861633300781e+00,9.221737384796142578e-01,9.610407948493957520e-01,-2.804803848266601562e-01,0.000000000000000000e+00,-2.278685569763183594e-02,1.000000000000000000e+00,-2.502202987670898438e-02,0.000000000000000000e+00,6.139809739243760195e-02,3.907338613447003395e-01,6.584534568492605988e-02,-7.423844570134292553e-01,-1.657338434492400953e-02,-2.990462466548791595e-02,1.584029402074526693e+00,-2.773005869498854081e-01,-3.355881347922229363e-02,-1.822900766910079406e-02,3.542055924799109717e-02,0.000000000000000000e+00,0.000000000000000000e+00
4.049999999999999822e+00,8.561004996299743652e-01,1.347272753715515137e+00,9.395164847373962402e-01,1.127987861633300781e+00,9.211490154266357422e-01,9.610407948493957520e-01,-2.902090549468994141e-01,0.000000000000000000e+00,-3.101229667663574219e-02,1.000000000000000000e+00,-2.049446105957031250e-02,0.000000000000000000e+00,6.244418351516415472e-02,3.928341044430174733e-01,7.040054064890487184e-02,-7.425167670011628696e-01,-1.997820396666714557e-02,-2.343951875994659817e-02,1.587408767127511222e+00,-2.807904988214732223e-01,-3.187451807302108669e-02,-2.119633174229063749e-02,4.413733799920255968e-02,0.000000000000000000e+00,0.000000000000000000e+00
4.100000000000000533e+00,8.415702581405639648e-01,1.347272753715515137e+00,9.383046030998229980e-01,1.127987861633300781e+00,9.201957583427429199e-01,9.610407948493957520e-01,-2.906048297882080078e-01,0.000000000000000000e+00,-2.423763275146484375e-02,1.000000000000000000e+00,-1.906514167785644531e-02,0.000000000000000000e+00,6.346697129058573306e-02,3.948589210716342279e-01,7.282259716111873227e-02,-7.428390398089981250e-01,-2.107497475345141563e-02,-2.273536955691477304e-02,1.589311050998454045e+00,-2.841108573305562990e-01,-2.981132805123076074e-02,-2.235535892580266942e-02,4.756891393691710379e-02,0.000000000000000000e+00,0.000000000000000000e+00
4.150000000000000355e+00,8.266079425811767578e-01,1.347272753715515137e+00,9.366950392723083496e-01,1.127987861633300781e+00,9.191381335258483887e-01,9.610407948493957520e-01,-2.992463111877441406e-01,0.000000000000000000e+00,-3.219127655029296875e-02,1.000000000000000000e+00,-2.115249633789062500e-02,0.000000000000000000e+00,6.462491257344243900e-02,3.971430460131233353e-01,7.449851065572014874e-02,-7.436501747145233265e-01,-2.151883030088055232e-02,-2.252779754442167312e-02,1.592042092134081877e+00,-2.881909229895968094e-01,-2.914812298960213835e-02,-2.274922764116576665e-02,5.042101065997703357e-02,0.000000000000000000e+00,0.000000000000000000e+00
4.200000000000000178e+00,8.120401501655578613e-01,1.347272753715515137e+00,9.355697035789489746e-01,1.127987861633300781e+00,9.184117317199707031e-01,9.610407948493957520e-01,-2.913558483123779297e-01,0.000000000000000000e+00,-2.250671386718750000e-02,1.000000000000000000e+00,-1.452803611755371094e-02,0.000000000000000000e+00,6.553016030589244034e-02,3.992885472954617598e-01,7.408766682690624827e-02,-7.445759699472077608e-01,-2.204208964149817832e-02,-2.705746790511886699e-02,1.594945695117975459e+00,-2.907528442042177641e-01,-2.775840027491166886e-02,-2.164204392284583417e-02,5.307582643359621405e-02,0.000000000000000000e+00,0.000000000000000000e+00
4.250000000000000000e+00,7.967889904975891113e-01,1.347272753715515137e+00,9.343270063400268555e-01,1.127987861633300781e+00,9.180157184600830078e-01,9.610407948493957520e-01,-3.050231933593750000e-01,0.000000000000000000e+00,-2.485394477844238281e-02,1.000000000000000000e+00,-7.920265197753906250e-03,0.000000000000000000e+00,6.661002424956471990e-02,4.014736184117260187e-01,7.144331608073255235e-02,-7.455882999446030723e-01,-2.403666090503674135e-02,-2.621223546101880686e-02,1.597866089910841891e+00,-2.943127104716863895e-01,-2.659564051847932223e-02,-1.890350913111453132e-02,5.526269887070592995e-02,0.000000000000000000e+00,0.000000000000000000e+00
4.299999999999999822e+00,7.816041707992553711e-01,1.347272753715515137e+00,9.328567981719970703e-01,1.127987861633300781e+00,9.166731238365173340e-01,9.610407948493957520e-01,-3.036963939666748047e-01,0.000000000000000000e+00,-2.940416336059570312e-02,1.000000000000000000e+00,-2.685189247131347656e-02,0.000000000000000000e+00,6.764909984215576599e-02,4.038488035546888288e-01,7.286849695077880773e-02,-7.466591115828477010e-01,-1.892048817917026809e-02,-3.802370647353389005e-02,1.601432170520913578e+00,-2.975999643143899531e-01,-2.645495269956089912e-02,-1.878403051236646887e-02,5.891740196684941422e-02,0.000000000000000000e+00,0.000000000000000000e+00
4.350000000000000533e+00,7.661210894584655762e-01,1.347272753715515137e+00,9.315692782402038574e-01,1.127987861633300781e+00,9.165699481964111328e-01,9.610407948493957520e-01,-3.096616268157958984e-01,0.000000000000000000e+00,-2.575039863586425781e-02,1.000000000000000000e+00,-2.063512802124023438e-03,0.000000000000000000e+00,6.874267250223178860e-02,4.062156907888353485e-01,6.990883251483295813e-02,-7.479119965512414092e-01,-1.981794164203936129e-02,-3.252086231329137656e-02,1.601585515454958530e+00,-3.011750400475607381e-01,-2.627202833779851421e-02,-1.606761898966483151e-02,5.188984274868050500e-02,0.000000000000000000e+00,0.000000000000000000e+00
4.400000000000000355e+00,7.499680519104003906e-01,1.347272753715515137e+00,9.306051135063171387e-01,1.127987861633300781e+00,9.164996147155761719e-01,9.610407948493957520e-01,-3.230607509613037109e-01,0.000000000000000000e+00,-1.928329467773437500e-02,1.000000000000000000e+00,-1.406669616699218750e-03,0.000000000000000000e+00,7.013342170700416489e-02,4.083897859208586167e-01,6.579602956822384885e-02,-7.497527989145936766e-01,-2.011208744272478463e-02,-3.025504914931488945e-02,1.603864091705203609e+00,-3.064559602112654768e-01,-2.506952402630576934e-02,-1.236773505788622655e-02,4.733942838267118924e-02,0.000000000000000000e+00,0.000000000000000000e+00
4.450000000000000178e+00,7.342544794082641602e-01,1.347272753715515137e+00,9.293116331100463867e-01,1.127987861633300781e+00,9.159780740737915039e-01,9.610407948493957520e-01,-3.142714500427246094e-01,0.000000000000000000e+00,-2.586960792541503906e-02,1.000000000000000000e+00,-1.043081283569335938e-02,0.000000000000000000e+00,7.129801597867632679e-02,4.106974215567045783e-01,6.393649938510803654e-02,-7.512070878184968770e-01,-2.073812027955412515e-02,-2.990247402488283718e-02,1.607042382293907945e+00,-3.103626970376641148e-01,-2.458973012070413480e-02,-1.019275969613924436e-02,4.762050405549826670e-02,0.000000000000000000e+00,0.000000000000000000e+00
4.500000000000000000e+00,7.179481983184814453e-01,1.347272753715515137e+00,9.282248616218566895e-01,1.127987861633300781e+00,9.153337478637695312e-01,9.610407948493957520e-01,-3.261256217956542969e-01,0.000000000000000000e+00,-2.173542976379394531e-02,1.000000000000000000e+00,-1.288652420043945312e-02,0.000000000000000000e+00,7.256613086361440867e-02,4.129632257619469393e-01,6.392614552379523307e-02,-7.522714888011110546e-01,-2.026557845658608775e-02,-3.125960916858574329e-02,1.610021494025788868e+00,-3.148383769642993935e-01,-2.389416821317852380e-02,-9.522988625494600151e-03,4.966252195158426391e-02,0.000000000000000000e+00,0.000000000000000000e+00
4.549999999999999822e+00,7.018213272094726562e-01,1.347272753715515137e+00,9.268889427185058594e-01,1.127987861633300781e+00,9.148051142692565918e-01,9.610407948493957520e-01,-3.225374221801757812e-01,0.000000000000000000e+00,-2.671837806701660156e-02,1.000000000000000000e+00,-1.057267189025878906e-02,0.000000000000000000e+00,7.367175125891003984e-02,4.153770473178480249e-01,6.434644990236068618e-02,-7.532325882445687348e-01,-1.960742800328528490e-02,-3.668299757328984806e-02,1.613139517549626145e+00,-3.183202207391812033e-01,-2.399176167378670385e-02,-9.351708738880517777e-03,5.271021775899119299e-02,0.000000000000000000e+00,0.000000000000000000e+00
4.600000000000000533e+00,6.855152249336242676e-01,1.347272753715515137e+00,9.259187579154968262e-01,1.127987861633300781e+00,9.139265418052673340e-01,9.610407948493957520e-01,-3.261220455169677734e-01,0.000000000000000000e+00,-1.940369606018066406e-02,1.000000000000000000e+00,-1.757144927978515625e-02,0.000000000000000000e+00,7.470013595144585350e-02,4.176444686707583842e-01,6.675001426466516119e-02,-7.542994711592162504e-01,-2.174909559894478914e-02,-3.446361130276695550e-02,1.614465888522214509e+00,-3.213168138071716418e-01,-2.331218587763687206e-02,-1.057099996753184043e-02,5.008912650086184970e-02,0.000000000000000000e+00,0.000000000000000000e+00
4.650000000000000355e+00,6.691886186599731445e-01,1.347272753715515137e+00,9.245516061782836914e-01,1.127987861633300781e+00,9.133657813072204590e-01,9.610407948493957520e-01,-3.265321254730224609e-01,0.000000000000000000e+00,-2.734303474426269531e-02,1.000000000000000000e+00,-1.121520996093750000e-02,0.000000000000000000e+00,7.562136993765156134e-02,4.200946149001170693e-01,6.821549632524979978e-02,-7.556597670259374011e-01,-2.189774565026618783e-02,-3.226942216847462908e-02,1.617706345386650924e+00,-3.236576299129317325e-01,-2.360952612251135049e-02,-1.128869711411339266e-02,5.110461670554265062e-02,0.000000000000000000e+00,0.000000000000000000e+00
4.700000000000000178e+00,6.524811983108520508e-01,1.347272753715515137e+00,9.232916235923767090e-01,1.127987861633300781e+00,9.127840995788574219e-01,9.610407948493957520e-01,-3.341484069824218750e-01,0.000000000000000000e+00,-2.519965171813964844e-02,1.000000000000000000e+00,-1.163363456726074219e-02,0.000000000000000000e+00,7.663301376510918417e-02,4.225653276500895839e-01,6.936440588241482574e-02,-7.568055889895569655e-01,-2.206106880610017584e-02,-3.076808862395486593e-02,1.619857319547555852e+00,-3.265055088994434640e-01,-2.401218724898978099e-02,-1.170570505897892098e-02,5.033277144300560280e-02,0.000000000000000000e+00,0.000000000000000000e+00
4.750000000000000000e+00,6.348382234573364258e-01,1.347272753715515137e+00,9.221569299697875977e-01,1.127987861633300781e+00,9.128221869468688965e-01,9.610407948493957520e-01,-3.528594970703125000e-01,0.000000000000000000e+00,-2.269387245178222656e-02,1.000000000000000000e+00,7.617473602294921875e-04,0.000000000000000000e+00,7.812341915530945924e-02,4.249598425141551394e-01,6.731343991331381615e-02,-7.581135783961295838e-01,-2.342130392032806124e-02,-2.856910497915949101e-02,1.621498103465642160e+00,-3.321292225780144158e-01,-2.400598679263236945e-02,-9.935666217570573652e-03,4.716057927882730955e-02,0.000000000000000000e+00,0.000000000000000000e+00
4.800000000000000711e+00,6.178596019744873047e-01,1.347272753715515137e+00,9.212216138839721680e-01,1.127987861633300781e+00,9.129381179809570312e-01,9.610407948493957520e-01,-3.395724296569824219e-01,0.000000000000000000e+00,-1.870632171630859375e-02,1.000000000000000000e+00,2.318620681762695312e-03,0.000000000000000000e+00,7.934912266999336050e-02,4.271960866719448635e-01,6.395902553248267175e-02,-7.595970649919683293e-01,-2.553149379472701916e-02,-2.902051778189291067e-02,1.622213741413308208e+00,-3.361498249189351917e-01,-2.316098737375493766e-02,-7.095712272299126502e-03,4.034162080607851114e-02,0.000000000000000000e+00,0.000000000000000000e+00
4.850000000000000533e+00,6.004658937454223633e-01,1.347272753715515137e+00,9.202286005020141602e-01,1.127987861633300781e+00,9.137542843818664551e-01,9.610407948493957520e-01,-3.478741645812988281e-01,0.000000000000000000e+00,-1.986026763916015625e-02,1.000000000000000000e+00,1.632332801818847656e-02,0.000000000000000000e+00,8.055931607454265564e-02,4.294103940299838218e-01,5.716780359788637550e-02,-7.612552920769993792e-01,-2.862357094630093440e-02,-2.783532895941078292e-02,1.622153058081152288e+00,-3.400414282466236449e-01,-2.221019521172653069e-02,-1.942224888306020095e-03,3.029897035483818113e-02,0.000000000000000000e+00,0.000000000000000000e+00
4.900000000000000355e+00,5.829852223396301270e-01,1.347272753715515137e+00,9.194715023040771484e-01,1.127987861633300781e+00,9.142341613769531250e-01,9.610407948493957520e-01,-3.496134281158447266e-01,0.000000000000000000e+00,-1.514196395874023438e-02,1.000000000000000000e+00,9.597539901733398438e-03,0.000000000000000000e+00,8.170630282815474765e-02,4.314994878208682771e-01,5.158312594834688070e-02,-7.628570280678294013e-01,-3.009255432497744479e-02,-2.724224067156287912e-02,1.623101677311211466e+00,-3.435260206487278922e-01,-2.060752844703163389e-02,2.491812043466853747e-03,2.343129367397198126e-02,0.000000000000000000e+00,0.000000000000000000e+00
4.950000000000000178e+00,5.648670196533203125e-01,1.347272753715515137e+00,9.185729622840881348e-01,1.127987861633300781e+00,9.142239689826965332e-01,9.610407948493957520e-01,-3.623640537261962891e-01,0.000000000000000000e+00,-1.797080039978027344e-02,1.000000000000000000e+00,-2.038478851318359375e-04,0.000000000000000000e+00,8.307527961075991674e-02,4.336555770034413726e-01,4.954343880889186535e-02,-7.640286398033725446e-01,-3.136631833847323969e-02,-3.016377948458541861e-02,1.623686432483702369e+00,-3.482771407618863169e-01,-1.937982772572460419e-02,4.301404230418005847e-03,1.810092239766925362e-02,0.000000000000000000e+00,0.000000000000000000e+00
5.000000000000000000e+00,5.467232465744018555e-01,1.347272753715515137e+00,9.177184104919433594e-01,1.127987861633300781e+00,9.144620299339294434e-01,9.610407948493957520e-01,-3.628754615783691406e-01,0.000000000000000000e+00,-1.709103584289550781e-02,1.000000000000000000e+00,4.761219024658203125e-03,0.000000000000000000e+00,8.444610875223806934e-02,4.358549260271487036e-01,4.814852154373976123e-02,-7.649759142340787355e-01,-3.468523826708692914e-02,-3.054410593497984550e-02,1.623483810592815324e+00,-3.529939697915073227e-01,-1.839663888650449816e-02,5.287727619154074243e-03,1.189160788541150995e-02,0.000000000000000000e+00,0.000000000000000000e+00
5.050000000000000711e+00,5.278295874595642090e-01,1.347272753715515137e+00,9.172078371047973633e-01,1.127987861633300781e+00,9.146659374237060547e-01,9.610407948493957520e-01,-3.778731822967529297e-01,0.000000000000000000e+00,-1.021146774291992188e-02,1.000000000000000000e+00,4.078149795532226562e-03,0.000000000000000000e+00,8.610059501528877224e-02,4.378985375015829185e-01,4.756499469295347171e-02,-7.658272335515555751e-01,-3.802022468441521724e-02,-2.936155733819185987e-02,1.623359292314588531e+00,-3.593266476981864521e-01,-1.660019213071940031e-02,5.593367991057692640e-03,6.473212557853168063e-03,0.000000000000000000e+00,0.000000000000000000e+00
5.100000000000000533e+00,5.083537101745605469e-01,1.347272753715515137e+00,9.161633253097534180e-01,1.127987861633300781e+00,9.148932695388793945e-01,9.610407948493957520e-01,-3.895175457000732422e-01,0.000000000000000000e+00,-2.089023590087890625e-02,1.000000000000000000e+00,4.546642303466796875e-03,0.000000000000000000e+00,8.804877886916004370e-02,4.402344013019692248e-01,4.731437383064938940e-02,-7.665013975557103398e-01,-3.925845222146949476e-02,-3.268992899615048853e-02,1.622671824721983569e+00,-3.673186054248105958e-01,-1.637503454390054972e-02,5.581345152566331673e-03,5.261869155838089576e-04,0.000000000000000000e+00,0.000000000000000000e+00
5.150000000000000355e+00,4.883934855461120605e-01,1.347272753715515137e+00,9.156510233879089355e-01,1.127987861633300781e+00,9.151977896690368652e-01,9.610407948493957520e-01,-3.992044925689697266e-01,0.000000000000000000e+00,-1.024603843688964844e-02,1.000000000000000000e+00,6.090402603149414062e-03,0.000000000000000000e+00,9.019896225188586691e-02,4.424070880011490292e-01,4.687560101042555910e-02,-7.670110973153981826e-01,-4.203590971011451211e-02,-3.157165587522792888e-02,1.622810533682301770e+00,-3.764172373450495601e-01,-1.528778789559462163e-02,5.656142901256317260e-03,-2.118106702862948641e-03,0.000000000000000000e+00,0.000000000000000000e+00
5.200000000000000178e+00,4.680243432521820068e-01,1.347272753715515137e+00,9.146057963371276855e-01,1.127987861633300781e+00,9.158485531806945801e-01,9.610407948493957520e-01,-4.073828458786010742e-01,0.000000000000000000e+00,-2.090454101562500000e-02,1.000000000000000000e+00,1.301527023315429688e-02,0.000000000000000000e+00,9.243434108707786201e-02,4.448471737954041716e-01,4.475103470187257598e-02,-7.672627778433761536e-01,-4.383729553737737705e-02,-3.306113983796266087e-02,1.621438332309070196e+00,-3.859282054747747992e-01,-1.563130775657450150e-02,6.862915278767607770e-03,-7.475761141638861268e-03,0.000000000000000000e+00,0.000000000000000000e+00
5.250000000000000000e+00,4.468452334403991699e-01,1.347272753715515137e+00,9.139790534973144531e-01,1.127987861633300781e+00,9.167849421501159668e-01,9.610407948493957520e-01,-4.235821962356567383e-01,0.000000000000000000e+00,-1.253485679626464844e-02,1.000000000000000000e+00,1.872777938842773438e-02,0.000000000000000000e+00,9.490218005919745514e-02,4.471631578105624838e-01,4.083533243886074138e-02,-7.674979010612394958e-01,-4.311896542724143883e-02,-3.416967168516937131e-02,1.621758240759538117e+00,-3.967097475550787067e-01,-1.531279631125366698e-02,9.356734006671526410e-03,-7.975785515044658824e-03,0.000000000000000000e+00,0.000000000000000000e+00
5.300000000000000711e+00,4.252073168754577637e-01,1.347272753715515137e+00,9.129427075386047363e-01,1.127987861633300781e+00,9.181478619575500488e-01,9.610407948493957520e-01,-4.327583312988281250e-01,0.000000000000000000e+00,-2.072691917419433594e-02,1.000000000000000000e+00,2.725839614868164062e-02,0.000000000000000000e+00,9.745348433896278140e-02,4.496704277355138002e-01,3.460024680816546627e-02,-7.673942115162633026e-01,-4.215718455820981897e-02,-3.454042945947617682e-02,1.620668389431540346e+00,-4.078775091378691320e-01,-1.601209940914270421e-02,1.345907636063930699e-02,-1.042369395061315020e-02,0.000000000000000000e+00,0.000000000000000000e+00
5.350000000000000533e+00,4.030690789222717285e-01,1.347272753715515137e+00,9.119940400123596191e-01,1.127987861633300781e+00,9.194898009300231934e-01,9.610407948493957520e-01,-4.427647590637207031e-01,0.000000000000000000e+00,-1.897335052490234375e-02,1.000000000000000000e+00,2.683877944946289062e-02,0.000000000000000000e+00,1.000246935099059070e-01,4.522027348133882407e-01,2.828357737696142807e-02,-7.673932512068820655e-01,-3.778543099150980661e-02,-3.519602334102461122e-02,1.619530904960865714e+00,-4.190557093383998621e-01,-1.683543456157797491e-02,1.765489312976264297e-02,-1.361715198253573081e-02,0.000000000000000000e+00,0.000000000000000000e+00
5.400000000000000355e+00,3.810161054134368896e-01,1.347272753715515137e+00,9.111255407333374023e-01,1.127987861633300781e+00,9.208625555038452148e-01,9.610407948493957520e-01,-4.410594701766967773e-01,0.000000000000000000e+00,-1.736998558044433594e-02,1.000000000000000000e+00,2.745509147644042969e-02,0.000000000000000000e+00,1.022653638714120794e-01,4.546760480268031701e-01,2.252224583118618909e-02,-7.673119332729767539e-01,-3.581729308717655075e-02,-3.032598638581151043e-02,1.619346255155756698e+00,-4.281925910036496474e-01,-1.733587755503039965e-02,2.132926864961733407e-02,-1.365236679288907469e-02,0.000000000000000000e+00,0.000000000000000000e+00
5.450000000000000178e+00,3.580076396465301514e-01,1.347272753715515137e+00,9.102246761322021484e-01,1.127987861633300781e+00,9.223312735557556152e-01,9.610407948493957520e-01,-4.601693153381347656e-01,0.000000000000000000e+00,-1.801729202270507812e-02,1.000000000000000000e+00,2.937436103820800781e-02,0.000000000000000000e+00,1.046154910375980546e-01,4.571241880071011954e-01,1.726379764797354027e-02,-7.670984340074015195e-01,-3.223155629199241090e-02,-3.083842221758460386e-02,1.616932664014813170e+00,-4.378834825774878259e-01,-1.769669038203489780e-02,2.446167416053031396e-02,-1.916955958240103980e-02,0.000000000000000000e+00,0.000000000000000000e+00
5.500000000000000000e+00,3.355676829814910889e-01,1.347272753715515137e+00,9.092388749122619629e-01,1.127987861633300781e+00,9.234004616737365723e-01,9.610407948493957520e-01,-4.487991333007812500e-01,0.000000000000000000e+00,-1.971602439880371094e-02,1.000000000000000000e+00,2.138376235961914062e-02,0.000000000000000000e+00,1.064576363515664231e-01,4.595999752170069064e-01,1.478302605436482287e-02,-7.671224238826764852e-01,-2.770079799255427411e-02,-3.547377086055360923e-02,1.615825858242736723e+00,-4.445083521765001433e-01,-1.819956662724248747e-02,2.555362601274352094e-02,-2.242527054050325042e-02,0.000000000000000000e+00,0.000000000000000000e+00
5.550000000000000711e+00,3.126930892467498779e-01,1.347272753715515137e+00,9.081624150276184082e-01,1.127987861633300781e+00,9.243106245994567871e-01,9.610407948493957520e-01,-4.574918746948242188e-01,0.000000000000000000e+00,-2.152919769287109375e-02,1.000000000000000000e+00,1.820325851440429688e-02,0.000000000000000000e+00,1.081023319780198971e-01,4.621297368846215003e-01,1.442401817289547250e-02,-7.668605111352151393e-01,-2.665841829652502645e-02,-3.464657761063854452e-02,1.614838505758052767e+00,-4.499143245781068723e-01,-1.898228585072060312e-02,2.493709017591295637e-02,-2.364294551379028664e-02,0.000000000000000000e+00,0.000000000000000000e+00
5.600000000000000533e+00,2.892311513423919678e-01,1.347272753715515137e+00,9.068366289138793945e-01,1.127987861633300781e+00,9.245308637619018555e-01,9.610407948493957520e-01,-4.692387580871582031e-01,0.000000000000000000e+00,-2.651572227478027344e-02,1.000000000000000000e+00,4.404783248901367188e-03,0.000000000000000000e+00,1.098227765568039332e-01,4.648139680100055182e-01,1.821848011875482412e-02,-7.665009182655720954e-01,-2.619136637331366535e-02,-3.739914727049209464e-02,1.612094332340916925e+00,-4.557124093147310040e-01,-2.057402759968926867e-02,2.136430373601401825e-02,-2.922015703221004373e-02,0.000000000000000000e+00,0.000000000000000000e+00
5.650000000000000355e+00,2.708933949470520020e-01,1.347272753715515137e+00,9.059554934501647949e-01,1.127987861633300781e+00,9.243441224098205566e-01,9.610407948493957520e-01,-3.667551279067993164e-01,0.000000000000000000e+00,-1.762270927429199219e-02,1.000000000000000000e+00,-3.734827041625976562e-03,0.000000000000000000e+00,1.086483420647580411e-01,4.672647204546669375e-01,2.499993000669672658e-02,-7.661960334534337891e-01,-2.771376175532857047e-02,-3.245065947320126959e-02,1.612061724002097796e+00,-4.445074638192750283e-01,-2.090853410575606308e-02,1.557407609669545119e-02,-2.749678707020879881e-02,0.000000000000000000e+00,0.000000000000000000e+00
5.700000000000000178e+00,2.423588037490844727e-01,1.347272753715515137e+00,9.045646786689758301e-01,1.127987861633300781e+00,9.238597154617309570e-01,9.610407948493957520e-01,-5.706918239593505859e-01,0.000000000000000000e+00,-2.781629562377929688e-02,1.000000000000000000e+00,-9.688138961791992188e-03,0.000000000000000000e+00,1.118275665158212778e-01,4.698920274051041623e-01,3.342549988589686716e-02,-7.654490910170331786e-01,-2.816187879982411796e-02,-3.356905608369213645e-02,1.609892239135073178e+00,-4.588972794744535233e-01,-2.217467746521129685e-02,8.638825063526606868e-03,-2.915166595401075256e-02,0.000000000000000000e+00,0.000000000000000000e+00
5.750000000000000000e+00,2.194086760282516479e-01,1.347272753715515137e+00,9.033775925636291504e-01,1.127987861633300781e+00,9.231043457984924316e-01,9.610407948493957520e-01,-4.590025544166564941e-01,0.000000000000000000e+00,-2.374172210693359375e-02,1.000000000000000000e+00,-1.510739326477050781e-02,0.000000000000000000e+00,1.138155593259036757e-01,4.724509405687109531e-01,4.254816068744519258e-02,-7.648934024424303146e-01,-2.980954036640248717e-02,-3.198732948447594732e-02,1.608555194002099453e+00,-4.661763760681284507e-01,-2.306261581407148195e-02,1.366515306578442758e-03,-2.960390607636288057e-02,0.000000000000000000e+00,0.000000000000000000e+00
5.800000000000000711e+00,1.958023607730865479e-01,1.347272753715515137e+00,9.024317264556884766e-01,1.127987861633300781e+00,9.213840365409851074e-01,9.610407948493957520e-01,-4.721263051033020020e-01,0.000000000000000000e+00,-1.891732215881347656e-02,1.000000000000000000e+00,-3.440618515014648438e-02,0.000000000000000000e+00,1.153609658957866213e-01,4.748047147390800360e-01,5.515119720692714805e-02,-7.642805329250600410e-01,-2.895445794576365084e-02,-3.244877343617114801e-02,1.606289983249479469e+00,-4.707952186143440354e-01,-2.285225378603907703e-02,-7.986352350904356301e-03,-3.232619479136277646e-02,0.000000000000000000e+00,0.000000000000000000e+00
5.850000000000000533e+00,1.724104285240173340e-01,1.347272753715515137e+00,9.013966917991638184e-01,1.127987861633300781e+00,9.200642704963684082e-01,9.610407948493957520e-01,-4.678386449813842773e-01,0.000000000000000000e+00,-2.070069313049316406e-02,1.000000000000000000e+00,-2.639532089233398438e-02,0.000000000000000000e+00,1.164428711360729340e-01,4.771131710189534525e-01,6.535199252200124542e-02,-7.637601014360611007e-01,-2.863037313498737954e-02,-3.172492608541786080e-02,1.604471622882149395e+00,-4.726566330105557712e-01,-2.240430365789450665e-02,-1.563096463687221188e-02,-3.434203119330507536e-02,0.000000000000000000e+00,0.000000000000000000e+00
5.900000000000000355e+00,1.491178274154663086e-01,1.347272753715515137e+00,9.005465507507324219e-01,1.127987861633300781e+00,9.186822772026062012e-01,9.610407948493957520e-01,-4.658520221710205078e-01,0.000000000000000000e+00,-1.700282096862792969e-02,1.000000000000000000e+00,-2.763986587524414062e-02,0.000000000000000000e+00,1.171856787908749364e-01,4.793005532514863498e-01,7.349511438674649622e-02,-7.630812426460279463e-01,-2.734924155615123254e-02,-3.186740735011422965e-02,1.603384014557984072e+00,-4.725151313402727871e-01,-2.132018421596318727e-02,-2.139676740244511599e-02,-3.335945694168946513e-02,0.000000000000000000e+00,0.000000000000000000e+00
5.950000000000000178e+00,1.256700158119201660e-01,1.347272753715515137e+00,8.996730446815490723e-01,1.127987861633300781e+00,9.173226952552795410e-01,9.610407948493957520e-01,-4.689562320709228516e-01,0.000000000000000000e+00,-1.747012138366699219e-02,1.000000000000000000e+00,-2.719163894653320312e-02,0.000000000000000000e+00,1.178436621478877594e-01,4.814713208344414408e-01,7.941809753696593699e-02,-7.620985225897021209e-01,-2.343795046254047720e-02,-3.541539948810924765e-02,1.603535703619440644e+00,-4.718783736326597755e-01,-2.016144589731365053e-02,-2.522723666131851047e-02,-2.708237138768313998e-02,0.000000000000000000e+00,0.000000000000000000e+00
6.000000000000000000e+00,1.025512740015983582e-01,1.347272753715515137e+00,8.988045454025268555e-01,1.127987861633300781e+00,9.162974357604980469e-01,9.610407948493957520e-01,-4.623748362064361572e-01,0.000000000000000000e+00,-1.736998558044433594e-02,1.000000000000000000e+00,-2.050518989562988281e-02,0.000000000000000000e+00,1.182966179047812566e-01,4.836639996137978015e-01,8.195111844776747922e-02,-7.609859490903693180e-01,-1.886826759023460878e-02,-3.472725107202835615e-02,1.601213565786499204e+00,-4.700473396146963023e-01,-1.913321096535864491e-02,-2.641031667891835522e-02,-2.698986314346882992e-02,0.000000000000000000e+00,0.000000000000000000e+00
6.050000000000000711e+00,8.436351269483566284e-02,1.347272753715515137e+00,8.982898592948913574e-01,1.127987861633300781e+00,9.159624576568603516e-01,9.610407948493957520e-01,-3.637552261352539062e-01,0.000000000000000000e+00,-1.029372215270996094e-02,1.000000000000000000e+00,-6.699562072753906250e-03,0.000000000000000000e+00,1.160174109708076995e-01,4.856854345576742116e-01,7.946766208448201307e-02,-7.604784491809813973e-01,-1.324316215944699483e-02,-3.790741307461373277e-02,1.597612589688691909e+00,-4.522383682328708909e-01,-1.721008934431279142e-02,-2.387628194504161361e-02,-3.409629229132971062e-02,0.000000000000000000e+00,0.000000000000000000e+00
6.100000000000000533e+00,5.699794739484786987e-02,1.347272753715515137e+00,8.972067832946777344e-01,1.127987861633300781e+00,9.152535796165466309e-01,9.610407948493957520e-01,-5.473113059997558594e-01,0.000000000000000000e+00,-2.166152000427246094e-02,1.000000000000000000e+00,-1.417756080627441406e-02,0.000000000000000000e+00,1.177957049585560134e-01,4.880155001994410657e-01,7.709511233916836737e-02,-7.603602772782920294e-01,-1.010547223289603481e-02,-3.326154051491136965e-02,1.594523286310767229e+00,-4.583530514997093963e-01,-1.694663728550671947e-02,-2.105670857772493770e-02,-4.208144131439878893e-02,0.000000000000000000e+00,0.000000000000000000e+00
